"Spp","Long","Lat"
"Atta mexicana",-94.888363,18.312667
"Leptoglossus zonatus",-104.1341,29.3874
"Coccus hesperidum",-74.1053,4.65701
"Coccus hesperidum",-75.58195,6.21987
"Atta mexicana",-96.785278,19.476222
"Atta mexicana",-96.988055,19.381389
"Atta mexicana",-96.965055,19.433056
"Atta mexicana",-96.9125,19.041111
"Atta mexicana",-96.881944,19.430278
"Atta mexicana",-96.753222,19.459972
"Atta mexicana",-96.758389,19.333167
"Atta mexicana",-96.9475,19.440556
"Atta mexicana",-96.881583,19.204
"Atta mexicana",-96.655833,18.551389
"Leptoglossus zonatus",-101.12784,20.211487
"Conotrachelus perseae",-101.922498,19.434263
"Conotrachelus perseae",-102.061398,19.426113
"Atta mexicana",-89.356667,15.118056
"Atta mexicana",-90.616667,14.483333
"Monalonion velezangeli",-74.11535,4.721723
"Frankliniella bruneri",-77.816,-0.983
"Frankliniella bruneri",-75.451,-0.997
"Aphis gossypii",-68.8167,-32.8833
"Aphis gossypii",-47.6667,-22.75
"Aphis gossypii",-77.0333,3.9
"Aphis gossypii",-49.15,-25.35
"Aphis gossypii",-99.22849,18.93373
"Aphis gossypii",-115.96667,30.73333
"Aphis gossypii",-71.2167,-14.2667
"Aphis gossypii",-68.7833,-32.9
"Aphis gossypii",-71.2667,-30.55
"Aphis gossypii",-82.4333,8.3667
"Aphis gossypii",-77.05,-12.05
"Aphis gossypii",-46.7667,-22.4
"Aphis gossypii",-65.3,-24.1833
"Aphis gossypii",-80.0667,8.5833
"Aphis gossypii",-99.06709,21.00422
"Aphis gossypii",-46.65,-23.55
"Aphis gossypii",-99.19073,21.00594
"Aphis gossypii",-69.9867,-17.5519
"Aphis gossypii",-65.25,-26.7833
"Aphis gossypii",-92.63776,16.73048
"Aphis gossypii",-77.7833,-10.7
"Aphis gossypii",-79.65,9.0667
"Aphis gossypii",-72.0833,-13.65
"Aphis gossypii",-70.3833,-23.6667
"Aphis gossypii",-61.5769,-21.4022
"Aphis gossypii",-92.28302,16.38673
"Aphis gossypii",-98.7944,21.08758
"Aphis gossypii",-65.3291,-24.3683
"Aphis gossypii",-82.4333,8.4333
"Aphis gossypii",-109.71195,23.10431
"Aphis gossypii",-90.3333,15.4667
"Aphis gossypii",-77.15,-12.0667
"Aphis gossypii",-60.0333,-22.35
"Aphis gossypii",-113.4,28.03333
"Aphis gossypii",-114.5903,27.5467
"Aphis gossypii",-99.14135,20.25722
"Aphis gossypii",-113.6419,27.9156
"Leptoglossus zonatus",-56.734975,-16.620014
"Leptoglossus zonatus",-96.890013,19.535792
"Bemisia tabaci",-74.151037,10.770762
"Leptoglossus zonatus",-84.0163937,10.434436
"Atta mexicana",-93.116667,16.753333
"Atta mexicana",-87.101139,21.185333
"Copturomimus perseae",-73.338859,10.381913
"Atta mexicana",-96.43027,19.387251
"Atta mexicana",-108.95,27.033333
"Atta mexicana",-107.546406,24.866326
"Atta mexicana",-109.443749,27.072757
"Atta mexicana",-100.318465,25.675065
"Atta mexicana",-103.254756,20.303246
"Atta mexicana",-110.916667,29.066667
"Atta mexicana",-110.9475,31.3353
"Atta mexicana",-109.835,28.62
"Copturomimus perseae",-76.303611,3.539444
"Leptoglossus zonatus",-78.416667,-5.25
"Coccus hesperidum",-74.148879,10.774039
"Coccus hesperidum",-74.148164,10.773893
"Coccus hesperidum",-74.149347,10.773748
"Coccus hesperidum",-74.148565,10.773766
"Coccus hesperidum",-74.148044,10.77376
"Coccus hesperidum",-74.148874,10.773646
"Coccus hesperidum",-74.149718,10.77346
"Coccus hesperidum",-74.150515,10.779884
"Coccus hesperidum",-74.220309,11.018046
"Coccus hesperidum",-74.221042,11.017647
"Coccus hesperidum",-74.147953,10.765219
"Coccus hesperidum",-74.148084,10.773676
"Coccus hesperidum",-74.200282,10.976239
"Coccus hesperidum",-74.199955,10.976148
"Coccus hesperidum",-74.223834,11.014928
"Coccus hesperidum",-74.223234,11.015095
"Coccus hesperidum",-74.223643,11.015297
"Coccus hesperidum",-74.201393,10.976396
"Coccus hesperidum",-74.223262,11.015849
"Heliothrips haemorrhoidalis",-74.223434,11.01576
"Heliothrips haemorrhoidalis",-74.223783,11.015599
"Atta mexicana",-112.371839,30.200786
"Atta mexicana",-98.788957,21.256664
"Anastrepha ludens",-100.760562,20.721537
"Atta mexicana",-103.333333,20.666667
"Atta mexicana",-89.143,14.838
"Atta mexicana",-106.440439,23.299379
"Atta mexicana",-100.894109,19.808206
"Atta mexicana",-96.804013,19.122594
"Atta mexicana",-99.078925,18.957345
"Atta mexicana",-106.703333,24.0775
"Bemisia tabaci",-100.443629,20.524277
"Atta mexicana",-99.232165,18.928535
"Leptoglossus zonatus",-56.069669,-9.839538
"Atta mexicana",-99.221566,18.92421
"Atta mexicana",-103.45891,21.208708
"Atta mexicana",-100.722104,20.918258
"Atta mexicana",-105.216745,20.662312
"Atta mexicana",-109.013053,27.026539
"Atta mexicana",-106.431577,23.231968
"Leptoglossus zonatus",-85.67755,10.572293
"Atta mexicana",-106.44343,23.299
"Atta mexicana",-99.230064,18.935335
"Atta mexicana",-101.891414,20.635941
"Atta mexicana",-104.148866,24.948567
"Atta mexicana",-97.417557,20.960364
"Leptoglossus zonatus",-105.492018,28.261079
"Atta mexicana",-101.130596,20.210943
"Atta mexicana",-100.727589,20.917811
"Atta mexicana",-107.358658,24.814096
"Atta mexicana",-98.821942,19.666412
"Atta mexicana",-100.447046,20.544157
"Atta mexicana",-108.941309,27.025487
"Leptoglossus zonatus",-101.216197,19.675392
"Atta mexicana",-103.412905,20.72012
"Leptoglossus zonatus",-49.972093,-22.238173
"Leptoglossus zonatus",-78.947838,-2.876443
"Atta mexicana",-96.783972,16.869972
"Atta mexicana",-96.764465,17.046698
"Atta mexicana",-105.238098,20.645998
"Atta mexicana",-104.320776,19.123818
"Atta mexicana",-96.16871,15.757421
"Atta mexicana",-101.180177,19.69791
"Leptoglossus zonatus",-99.183554,18.838854
"Atta mexicana",-100.723794,20.039069
"Leptoglossus zonatus",-101.043387,22.149572
"Atta mexicana",-98.965834,18.925347
"Atta mexicana",-103.461683,19.72506
"Leptoglossus zonatus",-78.408366,-0.288469
"Atta mexicana",-97.44082,16.010805
"Atta mexicana",-99.082391,18.986712
"Atta mexicana",-105.371103,20.764578
"Atta mexicana",-100.207283,25.639164
"Leptoglossus zonatus",-89.535458,14.416069
"Atta mexicana",-100.107925,20.397559
"Leptoglossus zonatus",-86.48901,13.564539
"Atta mexicana",-98.962827,18.904704
"Atta mexicana",-101.188214,19.686516
"Atta mexicana",-100.85257,20.000488
"Atta mexicana",-100.435387,20.55355
"Atta mexicana",-105.290748,20.53303
"Atta mexicana",-96.9815,19.508986
"Atta mexicana",-96.448948,15.932709
"Bemisia tabaci",-78.106171,0.350449
"Atta mexicana",-110.092787,30.594701
"Atta mexicana",-90.614277,14.49735
"Atta mexicana",-98.195133,19.045578
"Leptoglossus zonatus",-84.147347,10.014425
"Leptoglossus zonatus",-111.453247,25.893081
"Atta mexicana",-97.683477,16.887637
"Atta mexicana",-96.720158,17.066483
"Atta mexicana",-103.33559,20.701141
"Atta mexicana",-103.364626,20.708784
"Atta mexicana",-100.286341,25.678327
"Atta mexicana",-96.552963,15.66851
"Anastrepha ludens",-99.162348,18.901958
"Leptoglossus zonatus",-75.580385,6.223547
"Atta mexicana",-96.882103,19.525167
"Leptoglossus zonatus",-87.00372,13.99594
"Atta mexicana",-100.068248,20.439128
"Atta mexicana",-106.088005,23.161322
"Atta mexicana",-97.108374,18.849918
"Leptoglossus zonatus",-100.830315,20.513677
"Leptoglossus zonatus",-78.435067,-0.34142
"Atta mexicana",-98.979433,18.991497
"Atta mexicana",-99.159855,23.720205
"Atta mexicana",-100.745723,20.917283
"Atta mexicana",-97.860983,17.719796
"Atta mexicana",-105.237541,20.65846
"Atta mexicana",-101.222966,19.652133
"Atta mexicana",-103.441062,20.671479
"Atta mexicana",-101.39533,20.686066
"Atta mexicana",-97.411369,18.462936
"Atta mexicana",-100.251062,25.668675
"Atta mexicana",-103.36493,20.707925
"Leptoglossus zonatus",-86.988293,13.999154
"Atta mexicana",-101.805811,18.964949
"Atta mexicana",-98.369092,20.090476
"Atta mexicana",-100.164665,25.637196
"Atta mexicana",-106.440682,23.299031
"Atta mexicana",-101.134653,19.693465
"Atta mexicana",-102.530365,20.541968
"Leptoglossus zonatus",-99.074906,19.343717
"Atta mexicana",-102.555488,22.097689
"Atta mexicana",-100.64356,22.303516
"Leptoglossus zonatus",-97.652691,18.401832
"Atta mexicana",-101.329057,20.719898
"Atta mexicana",-101.203685,19.69036
"Atta mexicana",-101.161107,19.705553
"Leptoglossus zonatus",-100.163161,25.746412
"Leptoglossus zonatus",-84.157062,10.033826
"Atta mexicana",-99.557702,21.169364
"Atta mexicana",-100.041618,25.232736
"Atta mexicana",-100.648107,20.040106
"Leptoglossus zonatus",-99.49358,18.948392
"Leptoglossus zonatus",-88.242914,13.506134
"Leptoglossus zonatus",-73.263153,4.85995
"Atta mexicana",-105.450603,20.751691
"Atta mexicana",-96.098766,15.767575
"Atta mexicana",-100.44737,20.70307
"Atta mexicana",-105.243522,20.589828
"Atta mexicana",-100.66174,22.485689
"Leptoglossus zonatus",-83.92429,9.84234
"Atta mexicana",-104.858769,21.467544
"Atta mexicana",-96.727597,17.068978
"Heilipus lauri",-75.426262,6.255113
"Atta mexicana",-110.490221,29.249359
"Leptoglossus zonatus",-46.710615,-21.938873
"Atta mexicana",-103.316787,20.715818
"Aphis gossypii",-35.531944,-7.123611
"Atta mexicana",-99.77085,26.237483
"Leptoglossus zonatus",-105.496426,28.261724
"Atta mexicana",-99.609556,18.560673
"Atta mexicana",-104.673522,19.2147
"Atta mexicana",-110.902099,31.295729
"Leptoglossus zonatus",-103.093817,20.548075
"Atta mexicana",-112.81565,31.881542
"Atta mexicana",-99.812018,20.711322
"Leptoglossus zonatus",-47.436138,-22.569977
"Atta mexicana",-102.371192,21.748397
"Atta mexicana",-96.772748,16.188792
"Atta mexicana",-105.290803,20.466005
"Atta mexicana",-112.880963,31.915425
"Atta mexicana",-99.892649,20.522766
"Atta mexicana",-103.444296,20.63817
"Leptoglossus zonatus",-100.575459,22.24424
"Atta mexicana",-102.331686,21.985088
"Atta mexicana",-106.324706,23.890733
"Atta mexicana",-96.168318,15.75722
"Leptoglossus zonatus",-102.377725,20.87946
"Atta mexicana",-98.955588,18.851312
"Leptoglossus zonatus",-87.003876,13.99624
"Atta mexicana",-100.435753,20.68293
"Atta mexicana",-103.80108,20.499205
"Leptoglossus zonatus",-105.503132,28.258309
"Atta mexicana",-98.999298,21.9939
"Leptoglossus zonatus",-41.454087,-20.757891
"Atta mexicana",-102.320495,21.915378
"Atta mexicana",-96.943228,19.520636
"Leptoglossus zonatus",-89.663377,21.042936
"Atta mexicana",-99.206988,18.845768
"Atta mexicana",-99.31309,20.51589
"Atta mexicana",-105.153947,21.505397
"Atta mexicana",-97.452054,18.323602
"Atta mexicana",-97.544666,20.157509
"Atta mexicana",-100.72742,20.917741
"Leptoglossus zonatus",-100.115334,21.464911
"Atta mexicana",-109.741001,28.595854
"Leptoglossus zonatus",-106.32203,23.877182
"Atta mexicana",-97.09676,18.854446
"Atta mexicana",-100.280908,25.642485
"Atta mexicana",-100.500976,22.140522
"Atta mexicana",-101.383091,20.663639
"Atta mexicana",-103.468518,19.705015
"Atta mexicana",-101.180344,19.698607
"Atta mexicana",-96.722366,17.058114
"Leptoglossus zonatus",-98.55077,20.254343
"Atta mexicana",-110.946453,31.335083
"Atta mexicana",-99.082972,18.985461
"Leptoglossus zonatus",-99.056913,19.568567
"Atta mexicana",-102.314539,21.909974
"Atta mexicana",-106.449421,23.282888
"Atta mexicana",-97.654145,18.263296
"Atta mexicana",-102.291568,21.885256
"Atta mexicana",-102.291513,21.884434
"Leptoglossus zonatus",-99.011994,19.618946
"Atta mexicana",-96.16351,19.103904
"Atta mexicana",-96.199771,15.772745
"Leptoglossus zonatus",-98.989664,19.399493
"Heilipus lauri",-86.738396,15.097327
"Leptoglossus zonatus",-101.514026,21.031865
"Atta mexicana",-100.265262,25.777693
"Atta mexicana",-107.406955,24.779073
"Leptoglossus zonatus",-96.655946,18.428748
"Leptoglossus zonatus",-103.340316,25.528861
"Atta mexicana",-97.025589,15.842103
"Atta mexicana",-99.201977,18.782276
"Atta mexicana",-99.216287,18.918305
"Atta mexicana",-100.723579,20.03965
"Atta mexicana",-99.147147,22.983597
"Atta mexicana",-106.442209,23.237141
"Atta mexicana",-103.314843,20.722479
"Leptoglossus zonatus",-72.936753,4.601458
"Atta mexicana",-100.094124,20.411843
"Atta mexicana",-103.724918,19.267832
"Atta mexicana",-102.915403,21.852628
"Atta mexicana",-100.159612,21.104971
"Atta mexicana",-100.26326,25.638022
"Leptoglossus zonatus",-99.238757,18.922059
"Leptoglossus zonatus",-101.329822,21.26216
"Leptoglossus zonatus",-79.4727,9.059321
"Leptoglossus zonatus",-96.669158,16.786676
"Atta mexicana",-98.930747,18.925849
"Atta mexicana",-102.269538,21.894645
"Leptoglossus zonatus",-38.935338,-4.262733
"Atta mexicana",-101.395112,20.686742
"Leptoglossus zonatus",-103.26494,20.683043
"Atta mexicana",-102.314415,21.914762
"Atta mexicana",-103.321225,20.624299
"Atta mexicana",-102.557878,22.76598
"Trioza anceps",-99.168495,19.355763
"Atta mexicana",-103.52442,20.719719
"Atta mexicana",-101.001923,22.130803
"Atta mexicana",-96.886214,19.527096
"Atta mexicana",-103.307096,19.471516
"Atta mexicana",-87.006795,14.013399
"Atta mexicana",-103.495103,20.531308
"Atta mexicana",-99.232903,18.938915
"Atta mexicana",-99.082439,18.986572
"Atta mexicana",-105.331572,20.510142
"Atta mexicana",-104.847503,21.469188
"Atta mexicana",-104.330208,19.116192
"Atta mexicana",-99.188606,21.02402
"Atta mexicana",-105.229444,20.787778
"Leptoglossus zonatus",-89.635475,21.023961
"Atta mexicana",-103.717313,19.251895
"Leptoglossus zonatus",-75.836506,5.303069
"Atta mexicana",-98.299583,19.055397
"Atta mexicana",-105.45627,20.491838
"Leptoglossus zonatus",-89.907853,14.887451
"Leptoglossus zonatus",-71.995887,-36.637112
"Atta mexicana",-100.25255,19.280571
"Atta mexicana",-99.112853,18.73212
"Leptoglossus zonatus",-78.446111,-0.119167
"Atta mexicana",-110.949783,29.151306
"Leptoglossus zonatus",-89.004814,14.128372
"Trioza anceps",-99.1631,19.350187
"Atta mexicana",-99.08296,18.985487
"Leptoglossus zonatus",-103.501875,25.58964
"Atta mexicana",-93.146202,16.743009
"Atta mexicana",-101.196902,19.698984
"Atta mexicana",-103.46167,19.724967
"Atta mexicana",-103.18,20.3
"Monalonion velezangeli",-74.045137,4.671506
"Atta mexicana",-102.884123,21.172411
"Atta mexicana",-103.468518,19.705017
"Leptoglossus zonatus",-78.375253,-0.221627
"Atta mexicana",-102.923374,21.059894
"Atta mexicana",-98.967708,18.810168
"Atta mexicana",-103.425019,20.67259
"Atta mexicana",-100.283372,25.675725
"Atta mexicana",-87.091958,14.00952
"Atta mexicana",-100.206166,20.943347
"Atta mexicana",-96.997353,19.401826
"Leptoglossus zonatus",-99.803594,20.686043
"Atta mexicana",-97.457893,18.332109
"Atta mexicana",-100.322914,25.79178
"Leptoglossus zonatus",-100.750825,20.908489
"Leptoglossus zonatus",-100.318347,20.498172
"Atta mexicana",-99.230962,18.857495
"Atta mexicana",-98.954117,18.816292
"Atta mexicana",-105.024556,19.443033
"Atta mexicana",-98.431109,18.885718
"Atta mexicana",-103.397957,20.709618
"Atta mexicana",-103.316815,20.74282
"Atta mexicana",-106.322008,23.877137
"Atta mexicana",-105.215976,20.633235
"Atta mexicana",-112.880778,31.915282
"Atta mexicana",-102.315847,21.888222
"Atta mexicana",-102.362509,21.889016
"Atta mexicana",-100.263619,25.578491
"Atta mexicana",-103.440558,20.665945
"Atta mexicana",-103.537072,20.125492
"Atta mexicana",-96.694748,19.534577
"Leptoglossus zonatus",-105.49136,28.198307
"Atta mexicana",-100.36833,25.664687
"Atta mexicana",-102.291994,21.885224
"Atta mexicana",-97.407725,20.953328
"Leptoglossus zonatus",-110.976905,28.859764
"Atta mexicana",-97.759835,19.975717
"Atta mexicana",-96.194244,15.769793
"Atta mexicana",-101.394884,20.686177
"Atta mexicana",-100.800162,20.974829
"Atta mexicana",-92.618503,15.806244
"Atta mexicana",-99.08276,18.985409
"Atta mexicana",-100.439918,19.892164
"Atta mexicana",-109.73626,29.287062
"Atta mexicana",-96.139076,15.763528
"Atta mexicana",-101.325379,20.679249
"Atta mexicana",-86.982506,13.987469
"Atta mexicana",-102.884024,21.172703
"Atta mexicana",-105.245535,21.036897
"Atta mexicana",-101.221252,19.649202
"Atta mexicana",-100.232882,25.792864
"Atta mexicana",-109.986751,27.487788
"Atta mexicana",-97.853112,20.727382
"Atta mexicana",-96.170231,15.756096
"Leptoglossus zonatus",-49.869938,-22.97988
"Atta mexicana",-96.520667,17.031764
"Atta mexicana",-106.430388,23.232197
"Leptoglossus zonatus",-104.686699,24.009718
"Leptoglossus zonatus",-105.471565,28.27303
"Atta mexicana",-104.163547,21.036185
"Atta mexicana",-100.129127,19.186717
"Atta mexicana",-106.703306,24.4084
"Leptoglossus zonatus",-107.376279,24.810388
"Atta mexicana",-103.456222,20.737147
"Atta mexicana",-93.1845,16.763727
"Atta mexicana",-100.208256,25.730124
"Atta mexicana",-101.14836,19.67413
"Trioza anceps",-99.194288,19.344678
"Atta mexicana",-97.164987,18.789843
"Atta mexicana",-103.317222,20.574897
"Atta mexicana",-105.314882,20.428717
"Atta mexicana",-111.117506,30.171435
"Atta mexicana",-99.195765,18.970314
"Atta mexicana",-102.331626,21.986444
"Atta mexicana",-101.181094,19.68483
"Atta mexicana",-100.516531,21.304067
"Atta mexicana",-102.43253,21.028968
"Leptoglossus zonatus",-106.541389,23.588929
"Atta mexicana",-106.212197,23.408419
"Leptoglossus zonatus",-100.25673,25.705005
"Leptoglossus zonatus",-84.457302,10.047793
"Atta mexicana",-106.33573,23.612495
"Atta mexicana",-100.371338,20.623125
"Atta mexicana",-103.425561,20.62115
"Leptoglossus zonatus",-46.578117,-22.533123
"Atta mexicana",-103.414476,20.625995
"Atta mexicana",-109.989252,27.50213
"Leptoglossus zonatus",-84.16932,9.971037
"Atta mexicana",-89.512471,14.989839
"Atta mexicana",-103.194223,20.347506
"Leptoglossus zonatus",-117.046807,32.411848
"Atta mexicana",-105.557731,20.415675
"Atta mexicana",-98.133984,18.943809
"Atta mexicana",-105.349985,20.34128
"Atta mexicana",-99.511635,21.30868
"Leptoglossus zonatus",-100.437926,20.522091
"Atta mexicana",-97.422816,20.955467
"Trioza anceps",-99.183005,19.422103
"Atta mexicana",-100.388082,20.522117
"Leptoglossus zonatus",-79.024167,-2.893889
"Atta mexicana",-100.00238,21.93191
"Atta mexicana",-102.383764,22.217483
"Leptoglossus zonatus",-97.790419,21.286182
"Atta mexicana",-98.223103,20.389704
"Atta mexicana",-105.216213,20.6625
"Atta mexicana",-100.293188,25.735988
"Atta mexicana",-101.263278,19.692783
"Atta mexicana",-103.292862,20.194508
"Leptoglossus zonatus",-75.593807,6.217017
"Atta mexicana",-97.116247,18.845841
"Atta mexicana",-96.168289,15.75634
"Atta mexicana",-100.176111,21.089167
"Atta mexicana",-100.300473,25.767895
"Atta mexicana",-107.358765,24.938654
"Atta mexicana",-113.019722,31.944095
"Atta mexicana",-107.263971,24.862531
"Atta mexicana",-105.243958,20.591469
"Atta mexicana",-101.136731,19.678605
"Atta mexicana",-103.51556,20.007217
"Atta mexicana",-100.291714,25.736952
"Atta mexicana",-112.814603,31.88228
"Atta mexicana",-105.344226,20.494655
"Atta mexicana",-108.949358,27.014497
"Atta mexicana",-109.933294,27.572954
"Atta mexicana",-101.229004,19.687747
"Leptoglossus zonatus",-79.836673,9.165248
"Atta mexicana",-104.928345,21.503819
"Heilipus lauri",-75.502582,6.060991
"Atta mexicana",-97.402115,20.967521
"Atta mexicana",-96.764845,17.046755
"Atta mexicana",-102.291182,21.793191
"Atta mexicana",-100.123022,19.201089
"Heilipus lauri",-83.577592,9.4719
"Leptoglossus zonatus",-103.332093,20.290881
"Atta mexicana",-100.310676,25.730333
"Atta mexicana",-106.443466,23.299564
"Atta mexicana",-92.285208,14.8743
"Atta mexicana",-100.499558,20.686103
"Atta mexicana",-106.445358,23.259506
"Atta mexicana",-90.519837,14.584042
"Atta mexicana",-100.446372,20.703422
"Leptoglossus zonatus",-100.4162,20.550542
"Leptoglossus zonatus",-58.805758,-27.474663
"Atta mexicana",-100.360239,20.529886
"Atta mexicana",-106.429803,23.232619
"Atta mexicana",-100.653933,20.041097
"Atta mexicana",-100.31471,25.717431
"Atta mexicana",-99.156308,18.715116
"Atta mexicana",-98.213244,19.028333
"Atta mexicana",-100.264375,25.647943
"Leptoglossus zonatus",-111.379656,25.580858
"Atta mexicana",-106.228083,23.499597
"Atta mexicana",-100.720543,20.034922
"Leptoglossus zonatus",-101.164951,19.687767
"Atta mexicana",-102.781635,20.852328
"Atta mexicana",-100.277321,25.754004
"Atta mexicana",-101.07496,22.245242
"Anastrepha ludens",-99.038264,19.573152
"Atta mexicana",-90.472931,14.652131
"Leptoglossus zonatus",-98.246592,26.002446
"Atta mexicana",-100.330226,25.644158
"Atta mexicana",-100.389888,20.588751
"Atta mexicana",-100.689371,20.208409
"Leptoglossus zonatus",-86.979899,13.988535
"Atta mexicana",-98.991525,20.643288
"Atta mexicana",-99.206834,18.84585
"Leptoglossus zonatus",-100.791122,20.515908
"Atta mexicana",-90.555103,14.584003
"Leptoglossus zonatus",-78.104374,0.320975
"Atta mexicana",-102.764252,20.802202
"Leptoglossus zonatus",-75.579651,6.223336
"Atta mexicana",-102.586554,21.453267
"Atta mexicana",-110.276542,29.842108
"Atta mexicana",-103.191361,20.323247
"Atta mexicana",-100.592805,22.120425
"Anastrepha ludens",-99.459345,18.921248
"Atta mexicana",-103.416029,20.771156
"Atta mexicana",-99.253952,18.954071
"Atta mexicana",-103.43953,20.664853
"Aphis gossypii",-35.525663,-7.1165
"Atta mexicana",-89.533252,13.958258
"Atta mexicana",-99.793678,24.912862
"Leptoglossus zonatus",-116.755194,31.984933
"Atta mexicana",-101.195132,19.682014
"Atta mexicana",-97.097366,18.838184
"Atta mexicana",-105.234505,20.608697
"Atta mexicana",-103.381735,20.733819
"Atta mexicana",-97.117592,18.790778
"Atta mexicana",-100.44651,20.704277
"Atta mexicana",-100.043079,20.787158
"Atta mexicana",-103.510869,20.746592
"Atta mexicana",-100.344847,20.572443
"Leptoglossus zonatus",-75.532304,6.34534
"Leptoglossus zonatus",-42.993928,-22.821134
"Atta mexicana",-103.283784,20.302879
"Leptoglossus zonatus",-87.001649,14.01188
"Atta mexicana",-101.213749,19.674249
"Atta mexicana",-100.139495,25.859947
"Atta mexicana",-103.850112,19.623232
"Atta mexicana",-100.723526,20.037107
"Leptoglossus zonatus",-116.675505,31.897567
"Atta mexicana",-98.919533,18.798407
"Atta mexicana",-99.067969,18.976655
"Atta mexicana",-106.443,23.299
"Leptoglossus zonatus",-63.160233,-17.911053
"Atta mexicana",-106.695447,24.413128
"Atta mexicana",-103.229992,20.555592
"Atta mexicana",-99.108741,18.710816
"Atta mexicana",-100.758633,20.699505
"Leptoglossus zonatus",-75.261925,10.447418
"Atta mexicana",-101.197027,20.593346
"Atta mexicana",-99.481797,18.919758
"Atta mexicana",-100.738183,20.912278
"Atta mexicana",-96.707016,19.35143
"Atta mexicana",-104.749145,23.960896
"Atta mexicana",-105.276381,20.714183
"Atta mexicana",-103.476303,20.532433
"Atta mexicana",-100.687259,20.047309
"Atta mexicana",-100.067404,20.873484
"Atta mexicana",-100.334353,25.728583
"Atta mexicana",-99.243223,20.22752
"Atta mexicana",-101.118292,19.729168
"Atta mexicana",-90.498978,14.59177
"Trioza anceps",-99.224501,19.426652
"Atta mexicana",-100.254059,25.662422
"Atta mexicana",-100.87597,22.055798
"Atta mexicana",-106.348527,23.909859
"Atta mexicana",-102.327603,21.917769
"Atta mexicana",-103.382431,20.764414
"Atta mexicana",-96.100321,15.761149
"Atta mexicana",-97.143258,20.121967
"Leptoglossus zonatus",-99.22072,19.328812
"Atta mexicana",-106.287644,23.103176
"Atta mexicana",-96.768695,17.043151
"Atta mexicana",-96.921834,19.578256
"Atta mexicana",-100.420198,21.534036
"Atta mexicana",-100.991565,22.164637
"Atta mexicana",-102.251389,21.980555
"Leptoglossus zonatus",-47.488276,-23.224765
"Leptoglossus zonatus",-100.964051,25.415895
"Atta mexicana",-104.713726,21.523585
"Atta mexicana",-101.237025,19.695141
"Atta mexicana",-106.385887,23.267538
"Atta mexicana",-110.136047,30.057853
"Atta mexicana",-96.890205,19.535704
"Atta mexicana",-103.218553,20.291762
"Trioza anceps",-101.672325,20.538997
"Leptoglossus zonatus",-87.002966,14.015254
"Atta mexicana",-102.57861,21.438783
"Atta mexicana",-101.545822,17.65058
"Atta mexicana",-107.296635,24.881118
"Atta mexicana",-103.840388,20.692839
"Atta mexicana",-108.704477,27.087456
"Leptoglossus zonatus",-103.397378,20.639126
"Atta mexicana",-103.341621,20.607379
"Atta mexicana",-96.45395,15.766287
"Atta mexicana",-89.217929,13.734469
"Atta mexicana",-99.621167,20.592114
"Leptoglossus zonatus",-80.245453,7.45138
"Atta mexicana",-106.598422,23.670205
"Atta mexicana",-92.320967,17.259589
"Atta mexicana",-108.486261,25.557372
"Atta mexicana",-98.29955,19.054281
"Leptoglossus zonatus",-100.2594,25.592658
"Atta mexicana",-102.280297,21.889125
"Atta mexicana",-102.294875,21.90204
"Atta mexicana",-101.195443,19.687369
"Atta mexicana",-100.207025,25.639472
"Leptoglossus zonatus",-88.141535,13.167889
"Atta mexicana",-112.812487,31.879245
"Atta mexicana",-102.329462,21.844758
"Trioza anceps",-99.042153,19.28149
"Atta mexicana",-100.251572,25.667788
"Atta mexicana",-89.449482,18.551739
"Atta mexicana",-105.478323,20.813323
"Atta mexicana",-101.520064,17.649258
"Atta mexicana",-101.949665,21.339475
"Leptoglossus zonatus",-101.049984,22.150705
"Atta mexicana",-102.331389,21.985278
"Atta mexicana",-96.721335,17.069508
"Atta mexicana",-98.775785,22.006337
"Atta mexicana",-109.804978,29.214737
"Leptoglossus zonatus",-87.208666,12.959219
"Leptoglossus zonatus",-85.334297,10.383413
"Atta mexicana",-100.164815,25.895163
"Leptoglossus zonatus",-103.740886,25.425102
"Leptoglossus zonatus",-60.693321,2.832718
"Atta mexicana",-102.275436,21.910889
"Bemisia tabaci",-85.472443,13.290332
"Atta mexicana",-96.965257,19.453753
"Atta mexicana",-110.945539,29.148113
"Atta mexicana",-101.197027,19.709992
"Atta mexicana",-96.732224,17.073593
"Atta mexicana",-99.19197,18.942695
"Leptoglossus zonatus",-87.004364,14.013536
"Atta mexicana",-99.224146,19.495174
"Atta mexicana",-96.72332,17.068697
"Atta mexicana",-102.033829,20.346579
"Atta mexicana",-99.222901,18.770274
"Leptoglossus zonatus",-103.501244,25.587326
"Atta mexicana",-100.726051,20.037489
"Atta mexicana",-96.200239,15.77215
"Atta mexicana",-106.41913,23.253111
"Leptoglossus zonatus",-93.228658,18.248433
"Leptoglossus zonatus",-86.55371,14.03723
"Atta mexicana",-102.902852,21.184848
"Atta mexicana",-102.275591,21.911297
"Leptoglossus zonatus",-112.082358,26.660442
"Atta mexicana",-96.159592,18.973003
"Atta mexicana",-113.019789,31.943847
"Atta mexicana",-99.221273,18.622002
"Atta mexicana",-99.222283,18.936139
"Atta mexicana",-101.767891,19.905212
"Leptoglossus zonatus",-86.488186,13.56316
"Atta mexicana",-101.207311,20.557103
"Leptoglossus zonatus",-103.501335,25.587175
"Atta mexicana",-113.019853,31.944058
"Atta mexicana",-94.09137,17.910503
"Leptoglossus zonatus",-95.238889,16.324444
"Atta mexicana",-105.474156,22.644261
"Atta mexicana",-101.176292,19.669159
"Atta mexicana",-87.009427,14.012069
"Atta mexicana",-91.265992,14.722687
"Atta mexicana",-100.203887,25.680069
"Atta mexicana",-101.275514,19.645207
"Atta mexicana",-99.891372,20.522488
"Atta mexicana",-100.207305,25.639127
"Atta mexicana",-96.518808,17.030312
"Atta mexicana",-102.336067,21.989388
"Atta mexicana",-99.819662,21.64909
"Bemisia tabaci",-35.525088,-7.117415
"Atta mexicana",-97.095593,18.862428
"Atta mexicana",-105.22062,20.635165
"Atta mexicana",-99.142134,18.863979
"Atta mexicana",-100.728603,20.919158
"Leptoglossus zonatus",-100.041845,25.233062
"Leptoglossus zonatus",-75.308944,5.762496
"Leptoglossus zonatus",-86.978919,13.987686
"Leptoglossus zonatus",-107.0266,24.081211
"Leptoglossus zonatus",-86.979831,13.988586
"Atta mexicana",-89.20193,13.664527
"Atta mexicana",-100.30403,25.804422
"Leptoglossus zonatus",-42.054882,-20.878555
"Atta mexicana",-96.921012,19.577086
"Leptoglossus zonatus",-75.559258,6.211947
"Leptoglossus zonatus",-75.63418,6.15792
"Atta mexicana",-97.341405,20.932106
"Leptoglossus zonatus",-100.179664,25.478552
"Atta mexicana",-99.69341,24.857301
"Atta mexicana",-110.838142,29.244622
"Atta mexicana",-106.468658,23.555983
"Atta mexicana",-102.332992,21.985188
"Atta mexicana",-102.286177,21.887071
"Atta mexicana",-106.05171,23.257184
"Atta mexicana",-101.180952,19.697083
"Atta mexicana",-98.79855,18.679005
"Atta mexicana",-99.082415,18.986736
"Leptoglossus zonatus",-107.360975,24.81676
"Atta mexicana",-105.234811,20.599014
"Leptoglossus zonatus",-63.120975,-17.895237
"Anastrepha ludens",-100.292358,25.736183
"Atta mexicana",-100.285841,25.741456
"Atta mexicana",-86.99018,13.998628
"Leptoglossus zonatus",-78.988008,-2.908839
"Atta mexicana",-106.42368,23.235261
"Atta mexicana",-103.286375,20.736248
"Atta mexicana",-87.634808,20.646105
"Leptoglossus zonatus",-84.799958,10.284587
"Atta mexicana",-100.099396,20.389785
"Atta mexicana",-98.973016,18.899162
"Atta mexicana",-98.117716,19.008346
"Atta mexicana",-98.29963,19.055411
"Atta mexicana",-99.449272,21.840953
"Atta mexicana",-101.664317,19.747491
"Atta mexicana",-96.918133,19.515069
"Atta mexicana",-103.804963,20.498745
"Atta mexicana",-103.312788,20.734954
"Leptoglossus zonatus",-89.452698,20.372808
"Leptoglossus zonatus",-90.295188,16.66012
"Atta mexicana",-101.6879,21.111788
"Atta mexicana",-101.969101,21.319822
"Atta mexicana",-105.294975,20.694678
"Atta mexicana",-100.44489,20.70519
"Atta mexicana",-100.331958,25.739575
"Atta mexicana",-90.43895,14.516473
"Leptoglossus zonatus",-100.262767,25.606664
"Atta mexicana",-103.282221,20.657652
"Atta mexicana",-105.243033,20.5832
"Leptoglossus zonatus",-74.299995,4.308498
"Atta mexicana",-100.450659,20.696208
"Leptoglossus zonatus",-86.994837,14.016264
"Atta mexicana",-111.006717,29.119171
"Atta mexicana",-103.315654,20.621846
"Atta mexicana",-100.112228,25.774933
"Atta mexicana",-99.333887,20.068352
"Atta mexicana",-96.980891,19.430209
"Atta mexicana",-101.717673,21.165577
"Atta mexicana",-97.025567,15.842108
"Atta mexicana",-99.552334,17.410277
"Atta mexicana",-101.223689,19.65042
"Atta mexicana",-105.845428,23.460787
"Atta mexicana",-103.440666,20.673774
"Leptoglossus zonatus",-106.863228,23.988579
"Atta mexicana",-98.872362,18.976788
"Atta mexicana",-100.381633,25.66226
"Leptoglossus zonatus",-99.260221,19.635509
"Atta mexicana",-100.20729,25.639218
"Atta mexicana",-112.814545,31.882692
"Leptoglossus zonatus",-99.227988,18.913152
"Atta mexicana",-105.465187,20.822063
"Anastrepha ludens",-87.007919,14.007407
"Atta mexicana",-100.307814,25.657115
"Atta mexicana",-101.470447,20.542715
"Leptoglossus zonatus",-103.501514,25.587059
"Atta mexicana",-100.328898,25.644897
"Leptoglossus zonatus",-86.513602,11.864984
"Atta mexicana",-106.321958,23.877417
"Atta mexicana",-106.685997,24.42368
"Atta mexicana",-101.226365,19.649978
"Atta mexicana",-100.445803,20.688406
"Atta mexicana",-89.550887,14.959825
"Atta mexicana",-98.99839,21.971003
"Atta mexicana",-96.729298,17.05895
"Atta mexicana",-104.39965,19.104025
"Atta mexicana",-106.432067,23.233225
"Trioza anceps",-100.254042,25.663762
"Atta mexicana",-101.251862,21.013847
"Atta mexicana",-105.430157,20.880403
"Atta mexicana",-90.514995,14.659183
"Atta mexicana",-106.706291,24.428672
"Atta mexicana",-96.641765,16.307233
"Atta mexicana",-99.804544,20.686397
"Atta mexicana",-111.005132,29.208242
"Atta mexicana",-100.388051,20.522084
"Leptoglossus zonatus",-98.209372,19.03106
"Leptoglossus zonatus",-100.203147,25.635822
"Atta mexicana",-100.723717,20.040173
"Atta mexicana",-98.992062,18.837295
"Leptoglossus zonatus",-100.263201,25.638056
"Atta mexicana",-102.282653,21.920305
"Leptoglossus zonatus",-41.126517,-20.332613
"Atta mexicana",-96.91721,19.516985
"Anastrepha ludens",-87.010775,14.008775
"Atta mexicana",-101.179413,19.69715
"Atta mexicana",-96.93058,19.52997
"Leptoglossus zonatus",-71.513944,-16.375066
"Leptoglossus zonatus",-92.104752,15.872704
"Atta mexicana",-110.852707,29.130064
"Atta mexicana",-103.732685,20.666812
"Atta mexicana",-99.1955,18.882161
"Atta mexicana",-102.783915,20.359376
"Atta mexicana",-102.328889,21.951944
"Leptoglossus zonatus",-46.438892,-23.498754
"Atta mexicana",-106.462424,23.264232
"Atta mexicana",-99.216322,18.922606
"Atta mexicana",-104.327078,22.100919
"Atta mexicana",-103.349983,20.60717
"Atta mexicana",-96.931887,19.55513
"Atta mexicana",-106.228056,23.499706
"Atta mexicana",-96.757496,17.161369
"Atta mexicana",-86.990417,14.001503
"Anastrepha ludens",-99.184867,19.365825
"Atta mexicana",-102.278538,21.911187
"Atta mexicana",-100.111516,20.475272
"Atta mexicana",-102.803125,20.044619
"Atta mexicana",-102.418647,22.233942
"Atta mexicana",-103.326667,20.703003
"Atta mexicana",-106.280279,23.113042
"Atta mexicana",-99.65836,20.36397
"Anastrepha ludens",-98.314783,19.284963
"Atta mexicana",-100.424907,20.620287
"Atta mexicana",-92.047847,17.485097
"Atta mexicana",-103.309619,20.739615
"Atta mexicana",-101.195306,19.682111
"Atta mexicana",-110.986429,31.209189
"Atta mexicana",-105.006386,21.218028
"Leptoglossus zonatus",-96.886903,19.517981
"Atta mexicana",-100.560667,20.712097
"Atta mexicana",-101.200364,19.673146
"Atta mexicana",-89.023894,13.934333
"Atta mexicana",-99.522373,21.33191
"Atta mexicana",-106.686726,24.423646
"Atta mexicana",-88.233366,19.002263
"Atta mexicana",-106.855,23.844167
"Atta mexicana",-106.399502,23.288814
"Atta mexicana",-103.563121,20.725351
"Atta mexicana",-99.823467,16.791881
"Leptoglossus zonatus",-107.373603,24.827793
"Leptoglossus zonatus",-96.707904,19.351847
"Atta mexicana",-98.920077,18.868467
"Atta mexicana",-98.445075,18.731517
"Atta mexicana",-91.972226,17.510413
"Atta mexicana",-110.217065,29.884099
"Atta mexicana",-101.143189,20.220689
"Leptoglossus zonatus",-101.038218,25.355987
"Leptoglossus zonatus",-100.388161,20.522096
"Atta mexicana",-103.48876,20.66791
"Atta mexicana",-96.954894,19.516521
"Atta mexicana",-106.328397,23.893792
"Leptoglossus zonatus",-78.429857,-0.198327
"Leptoglossus zonatus",-98.117834,19.00755
"Coccus hesperidum",-99.163965,19.354959
"Trioza anceps",-99.196817,19.432267
"Leptoglossus zonatus",-75.683593,7.281402
"Atta mexicana",-102.884011,21.172719
"Atta mexicana",-98.96446,18.925225
"Leptoglossus zonatus",-99.041842,19.281978
"Atta mexicana",-102.412468,18.076918
"Atta mexicana",-100.389888,20.588793
"Atta mexicana",-91.78457,16.128997
"Atta mexicana",-102.302895,21.879392
"Leptoglossus zonatus",-101.16513,19.687801
"Atta mexicana",-100.399138,20.617533
"Atta mexicana",-96.520726,17.030156
"Atta mexicana",-103.454468,20.696913
"Leptoglossus zonatus",-54.482608,-25.614194
"Atta mexicana",-101.220891,19.686711
"Atta mexicana",-87.014136,14.014706
"Atta mexicana",-105.332367,20.511192
"Atta mexicana",-96.925924,19.549917
"Atta mexicana",-100.254288,25.661608
"Leptoglossus zonatus",-103.501664,25.587577
"Atta mexicana",-100.409627,20.593229
"Atta mexicana",-102.078972,19.416258
"Atta mexicana",-105.240165,20.643559
"Atta mexicana",-100.447128,20.703106
"Atta mexicana",-96.721903,17.068615
"Leptoglossus zonatus",-109.983262,22.882792
"Atta mexicana",-100.444537,20.702244
"Atta mexicana",-98.965885,18.925782
"Leptoglossus zonatus",-98.935574,22.266196
"Leptoglossus zonatus",-96.768608,17.044968
"Atta mexicana",-106.442917,23.299611
"Atta mexicana",-101.195488,19.690868
"Atta mexicana",-100.669165,20.071581
"Leptoglossus zonatus",-86.996525,14.005303
"Leptoglossus zonatus",-55.918995,-9.583113
"Atta mexicana",-98.94916,18.790393
"Atta mexicana",-110.950345,29.147266
"Atta mexicana",-99.812734,20.695287
"Atta mexicana",-96.768137,17.091698
"Atta mexicana",-98.960448,18.850823
"Atta mexicana",-96.7193,17.068575
"Leptoglossus zonatus",-99.206,23.7783
"Atta mexicana",-112.815122,31.882255
"Atta mexicana",-93.272915,16.80448
"Leptoglossus zonatus",-101.164969,19.687783
"Atta mexicana",-105.223197,20.63968
"Atta mexicana",-100.742964,20.901416
"Atta mexicana",-96.876415,17.246015
"Atta mexicana",-103.435588,20.660349
"Leptoglossus zonatus",-99.13566,21.853875
"Leptoglossus zonatus",-43.422165,-22.425837
"Leptoglossus zonatus",-99.483047,17.545857
"Leptoglossus zonatus",-85.911509,15.714401
"Atta mexicana",-100.396116,20.619731
"Atta mexicana",-109.953568,27.500656
"Leptoglossus zonatus",-84.818092,10.314242
"Atta mexicana",-102.280692,21.883347
"Atta mexicana",-103.421542,20.694146
"Atta mexicana",-102.548993,20.407022
"Atta mexicana",-96.920297,19.547372
"Atta mexicana",-101.178633,19.697275
"Atta mexicana",-100.401684,25.798124
"Leptoglossus zonatus",-99.938916,20.207742
"Leptoglossus zonatus",-113.54704,28.979719
"Atta mexicana",-100.389275,25.854824
"Leptoglossus zonatus",-72.935515,4.633075
"Atta mexicana",-96.697183,17.061863
"Leptoglossus zonatus",-85.954022,11.712485
"Leptoglossus zonatus",-89.684857,16.993931
"Atta mexicana",-96.94869,19.469435
"Monalonion velezangeli",-74.062736,4.630847
"Atta mexicana",-111.132958,29.014547
"Atta mexicana",-87.18622,14.05972
"Atta mexicana",-105.389122,20.748422
"Leptoglossus zonatus",-78.946808,-2.874043
"Atta mexicana",-103.435984,20.676226
"Atta mexicana",-100.726467,20.918278
"Atta mexicana",-106.437417,23.243588
"Atta mexicana",-106.44013,23.305509
"Leptoglossus zonatus",-103.501513,25.587247
"Atta mexicana",-97.306067,18.726758
"Atta mexicana",-110.959208,29.154741
"Atta mexicana",-100.393922,20.516355
"Leptoglossus zonatus",-75.294238,4.503304
"Atta mexicana",-102.29563,21.900512
"Aphis gossypii",-35.525043,-7.117349
"Atta mexicana",-100.042205,25.232728
"Atta mexicana",-109.024918,25.930478
"Leptoglossus zonatus",-47.409833,-21.048041
"Bemisia tabaci",-64.184998,-31.439743
"Leptoglossus zonatus",-71.929245,4.230914
"Leptoglossus zonatus",-87.003826,13.99615
"Atta mexicana",-100.889719,22.0289
"Atta mexicana",-90.593677,14.586238
"Atta mexicana",-99.08221,18.986539
"Atta mexicana",-103.426595,20.63124
"Atta mexicana",-96.916147,19.52301
"Atta mexicana",-99.356268,18.938382
"Atta mexicana",-100.723967,20.917006
"Atta mexicana",-102.612305,21.014664
"Atta mexicana",-100.402078,25.781711
"Atta mexicana",-105.338709,20.755827
"Leptoglossus zonatus",-102.657641,21.859531
"Atta mexicana",-102.992961,21.15117
"Atta mexicana",-100.203614,25.727167
"Atta mexicana",-102.783158,20.848967
"Atta mexicana",-100.276701,20.604021
"Atta mexicana",-103.513438,20.746245
"Leptoglossus zonatus",-75.237246,4.420301
"Atta mexicana",-103.718941,19.49637
"Atta mexicana",-101.928683,21.355628
"Atta mexicana",-96.913375,19.52227
"Leptoglossus zonatus",-99.962929,20.392176
"Atta mexicana",-90.493823,14.603488
"Atta mexicana",-100.315914,25.724067
"Atta mexicana",-96.945139,19.511561
"Atta mexicana",-100.388026,20.522149
"Atta mexicana",-91.931252,17.43593
"Atta mexicana",-103.197483,20.323606
"Atta mexicana",-90.456461,14.567344
"Atta mexicana",-100.36991,25.863082
"Leptoglossus zonatus",-89.913505,16.980117
"Atta mexicana",-96.694839,17.052192
"Atta mexicana",-89.219885,13.699876
"Atta mexicana",-104.758289,21.323533
"Atta mexicana",-102.230162,22.239376
"Leptoglossus zonatus",-75.585794,6.284608
"Leptoglossus zonatus",-82.773338,8.504515
"Atta mexicana",-99.255045,23.771262
"Atta mexicana",-100.352722,25.661697
"Trioza anceps",-97.099991,18.854942
"Atta mexicana",-100.439255,25.763798
"Atta mexicana",-87.161926,14.08471
"Leptoglossus zonatus",-112.482193,26.252859
"Atta mexicana",-87.010078,14.012218
"Atta mexicana",-98.940325,18.852562
"Atta mexicana",-101.221949,19.649476
"Leptoglossus zonatus",-74.432593,4.624351
"Atta mexicana",-106.609967,24.403539
"Atta mexicana",-100.287941,20.589865
"Atta mexicana",-96.926854,19.563365
"Atta mexicana",-100.445724,20.705988
"Atta mexicana",-105.216467,20.66272
"Atta mexicana",-91.276644,14.694066
"Atta mexicana",-99.078711,18.952997
"Atta mexicana",-98.292145,19.055092
"Atta mexicana",-99.781067,16.764625
"Leptoglossus zonatus",-78.375256,-0.221633
"Atta mexicana",-96.925793,19.527588
"Atta mexicana",-99.540071,18.762546
"Atta mexicana",-105.685393,22.623694
"Atta mexicana",-105.227318,20.616064
"Atta mexicana",-110.955919,29.072967
"Atta mexicana",-98.117803,19.007581
"Trioza anceps",-99.81836,20.698984
"Leptoglossus zonatus",-99.011951,19.594456
"Atta mexicana",-101.395263,20.686049
"Leptoglossus zonatus",-116.755384,31.985057
"Atta mexicana",-100.262732,25.643439
"Leptoglossus zonatus",-97.287293,20.680894
"Atta mexicana",-96.932763,19.517918
"Atta mexicana",-109.447976,28.542571
"Atta mexicana",-100.206978,25.774797
"Atta mexicana",-101.178659,19.697026
"Leptoglossus zonatus",-79.014906,-2.915451
"Atta mexicana",-96.72097,17.064208
"Atta mexicana",-93.072655,16.741247
"Leptoglossus zonatus",-89.540024,13.500386
"Atta mexicana",-96.943141,19.500865
"Leptoglossus zonatus",-104.610508,24.051129
"Leptoglossus zonatus",-86.997458,14.0149
"Heilipus lauri",-84.198299,9.932473
"Atta mexicana",-110.91876,29.012472
"Atta mexicana",-99.233795,18.978833
"Atta mexicana",-100.350455,20.576845
"Atta mexicana",-105.490517,20.79183
"Atta mexicana",-106.686302,24.423653
"Atta mexicana",-98.176739,18.766879
"Atta mexicana",-103.382825,20.715836
"Leptoglossus zonatus",-100.923464,21.166967
"Monalonion velezangeli",-74.040384,4.72816
"Leptoglossus zonatus",-99.313133,20.545463
"Atta mexicana",-99.208222,18.928325
"Leptoglossus zonatus",-78.478274,-0.197783
"Atta mexicana",-99.149075,18.881238
"Atta mexicana",-99.237106,18.980198
"Atta mexicana",-98.963698,18.756685
"Leptoglossus zonatus",-75.533616,6.340599
"Atta mexicana",-96.803218,19.122927
"Atta mexicana",-100.286172,25.678884
"Leptoglossus zonatus",-99.72048,22.990656
"Atta mexicana",-99.271701,18.970912
"Atta mexicana",-97.510573,18.318441
"Anastrepha ludens",-86.845241,21.1594
"Atta mexicana",-90.491811,14.604504
"Atta mexicana",-102.982589,21.145291
"Atta mexicana",-102.782669,20.846765
"Atta mexicana",-104.858188,21.482303
"Atta mexicana",-108.387627,26.793201
"Leptoglossus zonatus",-96.753601,17.14809
"Atta mexicana",-105.218936,20.640156
"Leptoglossus zonatus",-99.803958,20.685619
"Atta mexicana",-100.041935,25.23285
"Atta mexicana",-106.348641,23.909759
"Leptoglossus zonatus",-73.219776,6.636496
"Atta mexicana",-101.22142,19.712187
"Atta mexicana",-91.210383,14.739528
"Atta mexicana",-96.092869,15.773862
"Atta mexicana",-112.740117,31.860964
"Atta mexicana",-96.969087,19.465453
"Atta mexicana",-110.931552,29.098869
"Atta mexicana",-104.049301,20.658046
"Atta mexicana",-111.464459,29.592189
"Leptoglossus zonatus",-87.009727,14.007585
"Leptoglossus zonatus",-54.936976,-12.382073
"Aphis gossypii",-101.208794,19.675169
"Atta mexicana",-92.093132,16.031304
"Leptoglossus zonatus",-100.299977,25.759442
"Atta mexicana",-102.845544,20.711998
"Atta mexicana",-96.947552,19.469822
"Atta mexicana",-98.986718,18.955154
"Atta mexicana",-96.201182,19.204423
"Leptoglossus zonatus",-100.463509,20.801521
"Atta mexicana",-110.948499,29.150782
"Atta mexicana",-101.191438,19.705668
"Leptoglossus zonatus",-98.435529,18.907062
"Atta mexicana",-96.878971,19.524964
"Atta mexicana",-102.783014,20.849031
"Leptoglossus zonatus",-41.011732,-16.430401
"Atta mexicana",-102.458121,20.0042
"Leptoglossus zonatus",-87.006293,14.013316
"Atta mexicana",-100.280746,25.76631
"Atta mexicana",-100.96094,22.090962
"Leptoglossus zonatus",-105.471557,28.273151
"Atta mexicana",-102.755177,20.834579
"Atta mexicana",-101.695806,21.181861
"Atta mexicana",-105.182177,22.025106
"Atta mexicana",-103.778744,21.834736
"Atta mexicana",-97.957096,21.093017
"Atta mexicana",-102.280425,21.945945
"Atta mexicana",-100.316079,25.724065
"Atta mexicana",-101.146499,19.684987
"Atta mexicana",-100.718241,20.025105
"Atta mexicana",-108.949347,27.014339
"Atta mexicana",-98.847319,18.594423
"Atta mexicana",-105.371053,20.764225
"Atta mexicana",-97.09747,18.85694
"Atta mexicana",-99.086656,18.995781
"Leptoglossus zonatus",-46.657889,-23.589069
"Atta mexicana",-99.64543,26.029817
"Atta mexicana",-104.864912,21.481056
"Atta mexicana",-105.291613,20.685966
"Atta mexicana",-104.324088,19.103536
"Atta mexicana",-99.202511,18.912787
"Atta mexicana",-99.082899,18.985412
"Atta mexicana",-101.54003,21.035897
"Leptoglossus zonatus",-103.501312,25.587124
"Leptoglossus zonatus",-101.164928,19.687754
"Atta mexicana",-110.588573,28.198679
"Atta mexicana",-98.024317,18.956753
"Atta mexicana",-99.608394,22.959874
"Leptoglossus zonatus",-87.009386,14.008245
"Atta mexicana",-109.01205,30.45867
"Atta mexicana",-102.259821,21.917339
"Leptoglossus zonatus",-100.207382,25.639154
"Atta mexicana",-101.169521,19.684918
"Atta mexicana",-102.066525,26.986684
"Atta mexicana",-101.214888,19.705572
"Atta mexicana",-102.254786,21.814861
"Atta mexicana",-103.392145,20.705136
"Atta mexicana",-100.17823,25.778362
"Atta mexicana",-100.276937,20.604478
"Anastrepha ludens",-92.2864,14.88633
"Atta mexicana",-102.331712,21.985117
"Leptoglossus zonatus",-116.595881,31.919408
"Atta mexicana",-100.43142,20.710178
"Atta mexicana",-105.103906,21.778884
"Atta mexicana",-96.137985,15.761583
"Atta mexicana",-101.137256,19.693539
"Atta mexicana",-87.004313,14.013705
"Atta mexicana",-96.861367,19.5409
"Atta mexicana",-101.180773,19.695407
"Atta mexicana",-96.955808,19.456248
"Atta mexicana",-100.234239,25.677349
"Atta mexicana",-103.513028,20.747046
"Leptoglossus zonatus",-84.055702,10.015935
"Atta mexicana",-100.388115,20.514223
"Atta mexicana",-100.207307,25.639143
"Atta mexicana",-101.907438,20.984182
"Atta mexicana",-101.481818,21.076347
"Leptoglossus zonatus",-99.178535,19.331906
"Coccus hesperidum",-51.476668,-25.379444
"Atta mexicana",-100.63554,21.942703
"Atta mexicana",-99.892458,21.390185
"Bemisia tabaci",-97.70182,19.128456
"Aphis gossypii",-35.903953,-7.225822
"Atta mexicana",-102.884113,21.172631
"Atta mexicana",-93.444733,16.006223
"Atta mexicana",-103.399637,20.608077
"Atta mexicana",-99.485573,18.948683
"Leptoglossus zonatus",-110.29406,24.19043
"Atta mexicana",-101.008433,22.14659
"Atta mexicana",-99.082379,18.986547
"Atta mexicana",-90.548383,14.597822
"Atta mexicana",-101.088516,19.679562
"Atta mexicana",-96.27631,16.866701
"Atta mexicana",-99.206779,18.845806
"Anastrepha ludens",-99.022876,19.378143
"Atta mexicana",-106.686442,24.408853
"Atta mexicana",-103.238369,20.621626
"Leptoglossus zonatus",-99.097075,19.46872
"Leptoglossus zonatus",-96.538228,19.183815
"Atta mexicana",-100.852752,19.998155
"Leptoglossus zonatus",-84.261675,10.455618
"Atta mexicana",-100.273203,25.762803
"Atta mexicana",-101.23603,19.696128
"Leptoglossus zonatus",-88.998871,17.089146
"Atta mexicana",-103.325564,20.655171
"Atta mexicana",-106.698333,24.448225
"Leptoglossus zonatus",-86.816666,12.533055
"Atta mexicana",-100.991596,22.13619
"Atta mexicana",-101.539326,17.628191
"Leptoglossus zonatus",-85.774338,10.443205
"Atta mexicana",-100.388026,20.522109
"Atta mexicana",-101.684017,21.168707
"Atta mexicana",-108.64159,27.193261
"Atta mexicana",-99.162637,18.632992
"Atta mexicana",-98.956277,18.851637
"Atta mexicana",-104.897662,21.502584
"Atta mexicana",-105.390021,20.926582
"Atta mexicana",-99.08242,18.986652
"Atta mexicana",-96.705651,19.352307
"Atta mexicana",-100.306292,25.659817
"Atta mexicana",-100.383863,20.609
"Leptoglossus zonatus",-80.13344,8.365443
"Atta mexicana",-96.921064,19.577027
"Atta mexicana",-105.919518,23.376358
"Atta mexicana",-96.166806,19.103935
"Atta mexicana",-99.122667,18.974638
"Leptoglossus zonatus",-78.622578,-1.22821
"Atta mexicana",-100.257497,25.728598
"Leptoglossus zonatus",-78.429756,-0.198409
"Atta mexicana",-102.013363,20.967645
"Atta mexicana",-110.950967,29.146689
"Atta mexicana",-105.219598,20.630333
"Atta mexicana",-99.237707,18.933945
"Leptoglossus zonatus",-99.055731,19.592173
"Atta mexicana",-103.524068,20.536033
"Atta mexicana",-103.407845,20.670167
"Atta mexicana",-101.727005,21.161
"Leptoglossus zonatus",-101.929101,21.363496
"Atta mexicana",-100.597613,19.993336
"Leptoglossus zonatus",-86.146717,12.127825
"Atta mexicana",-100.443679,20.524289
"Leptoglossus zonatus",-78.371624,-0.228562
"Atta mexicana",-99.232682,18.918795
"Atta mexicana",-100.726105,20.877212
"Leptoglossus zonatus",-100.134948,25.398365
"Leptoglossus zonatus",-100.981097,18.50686
"Atta mexicana",-99.634872,21.451047
"Atta mexicana",-97.41733,20.960325
"Atta mexicana",-99.684582,20.505132
"Atta mexicana",-110.946213,29.148395
"Leptoglossus zonatus",-99.833199,20.332457
"Atta mexicana",-110.985521,29.154123
"Leptoglossus zonatus",-86.992475,13.996153
"Atta mexicana",-104.902059,21.490325
"Atta mexicana",-105.273333,20.7175
"Atta mexicana",-100.243029,25.68066
"Atta mexicana",-96.168842,15.757357
"Atta mexicana",-107.360478,24.816427
"Leptoglossus zonatus",-86.867706,20.990236
"Atta mexicana",-103.291994,20.738804
"Leptoglossus zonatus",-96.890015,19.535782
"Atta mexicana",-100.25988,25.967201
"Atta mexicana",-99.036511,19.605773
"Coccus hesperidum",-89.785562,20.906965
"Atta mexicana",-96.9449,19.510081
"Atta mexicana",-97.076736,15.87198
"Atta mexicana",-103.403175,20.710383
"Leptoglossus zonatus",-87.305145,20.409598
"Leptoglossus zonatus",-84.047652,9.937583
"Leptoglossus zonatus",-99.119785,19.685262
"Atta mexicana",-96.647074,16.289993
"Atta mexicana",-102.303833,21.879439
"Atta mexicana",-106.419111,23.253192
"Anastrepha ludens",-98.550211,17.731904
"Leptoglossus zonatus",-76.525808,3.403939
"Leptoglossus zonatus",-116.975894,32.503492
"Atta mexicana",-103.364722,20.708889
"Atta mexicana",-104.176964,21.536149
"Leptoglossus zonatus",-105.498733,28.260408
"Atta mexicana",-97.949091,21.097377
"Atta mexicana",-98.230163,20.387537
"Atta mexicana",-99.373838,20.054484
"Atta mexicana",-100.723879,20.040198
"Atta mexicana",-90.549383,14.588123
"Atta mexicana",-100.622471,20.460272
"Atta mexicana",-99.728467,21.424969
"Atta mexicana",-97.346489,20.883501
"Leptoglossus zonatus",-75.483547,5.990311
"Atta mexicana",-105.243454,21.039978
"Leptoglossus zonatus",-79.005896,-2.900128
"Atta mexicana",-105.328278,20.630833
"Atta mexicana",-100.745723,20.921092
"Atta mexicana",-100.721352,20.036362
"Atta mexicana",-99.204355,18.782491
"Leptoglossus zonatus",-53.067037,-23.792134
"Atta mexicana",-90.954453,14.49913
"Atta mexicana",-102.28073,21.884542
"Atta mexicana",-105.232762,20.605326
"Atta mexicana",-96.134136,15.769207
"Atta mexicana",-105.324055,20.745596
"Atta mexicana",-100.12088,19.212167
"Atta mexicana",-99.006317,20.648763
"Leptoglossus zonatus",-110.232553,23.423823
"Atta mexicana",-96.901903,18.833678
"Anastrepha ludens",-100.0533,25.296967
"Atta mexicana",-103.2556,20.29822
"Atta mexicana",-96.918975,19.54622
"Bemisia tabaci",-101.327813,20.678169
"Atta mexicana",-108.943313,27.023256
"Leptoglossus zonatus",-84.188744,9.984494
"Atta mexicana",-99.240565,18.931854
"Atta mexicana",-100.22283,25.67182
"Atta mexicana",-88.389393,18.672758
"Atta mexicana",-104.709395,19.239174
"Aphis gossypii",-107.394012,24.809045
"Leptoglossus zonatus",-47.773105,-16.112342
"Atta mexicana",-101.011479,22.107124
"Leptoglossus zonatus",-99.147768,26.585522
"Leptoglossus zonatus",-93.036761,17.909894
"Trioza anceps",-99.156316,19.409434
"Atta mexicana",-99.89,20.57
"Atta mexicana",-101.649598,21.391223
"Atta mexicana",-99.242517,18.981113
"Atta mexicana",-104.653176,24.027905
"Atta mexicana",-106.196136,23.872099
"Atta mexicana",-100.444976,20.703223
"Leptoglossus zonatus",-103.501038,25.587198
"Atta mexicana",-103.52424,20.71261
"Trioza anceps",-99.251824,19.333621
"Atta mexicana",-87.012638,14.00824
"Atta mexicana",-101.174045,19.69059
"Leptoglossus zonatus",-78.443608,-0.228526
"Atta mexicana",-105.202195,20.581082
"Atta mexicana",-103.457352,20.786753
"Atta mexicana",-96.724913,17.070958
"Leptoglossus zonatus",-105.494219,28.262916
"Atta mexicana",-104.696404,24.023794
"Leptoglossus zonatus",-89.076118,20.783819
"Heilipus lauri",-99.234875,18.942141
"Atta mexicana",-97.63794,17.684163
"Leptoglossus zonatus",-107.356204,24.595198
"Atta mexicana",-105.838386,22.741564
"Atta mexicana",-99.353723,18.767036
"Atta mexicana",-101.180286,19.696679
"Leptoglossus zonatus",-99.140067,22.089742
"Atta mexicana",-100.412647,20.592773
"Atta mexicana",-110.737051,29.469849
"Atta mexicana",-99.59364,20.684803
"Atta mexicana",-103.397118,20.640772
"Anastrepha ludens",-98.882758,19.514175
"Atta mexicana",-103.35307,20.785282
"Atta mexicana",-89.079235,13.703245
"Atta mexicana",-103.354308,20.680113
"Aphis gossypii",-46.543946,-23.672386
"Atta mexicana",-90.730653,14.549647
"Leptoglossus zonatus",-103.617767,25.888548
"Atta mexicana",-105.91939,23.375257
"Atta mexicana",-100.346458,25.726555
"Leptoglossus zonatus",-101.164951,19.68777
"Atta mexicana",-97.295266,19.917702
"Atta mexicana",-105.286606,21.536372
"Leptoglossus zonatus",-84.139928,9.891941
"Atta mexicana",-96.926964,18.922039
"Atta mexicana",-101.182673,19.686348
"Atta mexicana",-100.445196,20.709566
"Leptoglossus zonatus",-101.156398,19.649701
"Heilipus lauri",-75.419176,6.962435
"Leptoglossus zonatus",-47.099397,-23.189928
"Atta mexicana",-101.204167,19.674722
"Atta mexicana",-105.241883,20.590914
"Leptoglossus zonatus",-107.364077,24.826759
"Atta mexicana",-102.33139,21.985308
"Atta mexicana",-96.948696,19.468563
"Bemisia tabaci",-106.919628,23.948958
"Trioza anceps",-99.171447,19.402967
"Atta mexicana",-100.434483,25.666036
"Atta mexicana",-103.319006,20.656188
"Atta mexicana",-99.481667,18.919833
"Atta mexicana",-105.323172,20.513309
"Atta mexicana",-100.683747,20.049818
"Atta mexicana",-101.329295,20.719506
"Leptoglossus zonatus",-100.882972,20.221047
"Atta mexicana",-99.193712,18.830849
"Atta mexicana",-102.780988,20.848467
"Leptoglossus zonatus",-78.335299,-0.189456
"Atta mexicana",-110.948997,29.148767
"Atta mexicana",-100.721235,20.034291
"Atta mexicana",-100.216676,25.553605
"Atta mexicana",-112.836945,31.85788
"Monalonion velezangeli",-74.055779,4.674341
"Leptoglossus zonatus",-103.2686,25.777777
"Atta mexicana",-103.367235,20.669054
"Atta mexicana",-102.288717,21.935389
"Leptoglossus zonatus",-35.22462,-8.122511
"Atta mexicana",-101.055641,22.156496
"Atta mexicana",-100.723662,20.91713
"Atta mexicana",-99.24658,18.970493
"Leptoglossus zonatus",-78.510439,-0.13741
"Bemisia tabaci",-86.086333,12.115461
"Atta mexicana",-104.365531,19.775878
"Leptoglossus zonatus",-100.893912,22.196385
"Atta mexicana",-96.768162,17.041345
"Atta mexicana",-101.713147,21.165951
"Leptoglossus zonatus",-100.164292,25.451192
"Trioza anceps",-99.187539,19.423035
"Leptoglossus zonatus",-99.090356,26.476544
"Atta mexicana",-101.167161,19.699681
"Atta mexicana",-101.178889,19.699722
"Atta mexicana",-100.352189,25.660935
"Atta mexicana",-109.992487,27.479646
"Atta mexicana",-102.295757,21.898426
"Leptoglossus zonatus",-100.356712,25.66982
"Atta mexicana",-98.0046,20.312828
"Atta mexicana",-98.202896,19.000927
"Leptoglossus zonatus",-80.496,7.950435
"Atta mexicana",-103.343959,18.27136
"Atta mexicana",-101.836938,21.861724
"Atta mexicana",-99.950705,20.530976
"Leptoglossus zonatus",-101.217798,19.677429
"Leptoglossus zonatus",-78.5199,-0.192662
"Atta mexicana",-104.268779,19.908376
"Atta mexicana",-98.94587,18.910605
"Leptoglossus zonatus",-54.602635,-20.495687
"Leptoglossus zonatus",-83.722081,9.93705
"Atta mexicana",-105.345208,20.337088
"Atta mexicana",-99.156477,18.893639
"Leptoglossus zonatus",-41.872981,-20.448202
"Atta mexicana",-102.782881,20.8474
"Atta mexicana",-103.377778,20.698889
"Atta mexicana",-99.820967,21.651489
"Atta mexicana",-96.769256,17.043699
"Atta mexicana",-98.435423,18.889045
"Atta mexicana",-103.436082,20.652757
"Atta mexicana",-103.261739,20.296694
"Atta mexicana",-100.263287,25.638039
"Atta mexicana",-98.860924,18.876585
"Atta mexicana",-101.179467,19.698628
"Leptoglossus zonatus",-92.941483,18.005144
"Atta mexicana",-100.73141,19.986326
"Atta mexicana",-97.551632,20.158293
"Atta mexicana",-105.361941,20.41959
"Atta mexicana",-103.982772,20.703095
"Atta mexicana",-100.381608,20.558978
"Atta mexicana",-96.595599,17.075496
"Atta mexicana",-97.317398,20.465836
"Leptoglossus zonatus",-102.654937,20.746739
"Atta mexicana",-99.256074,20.462712
"Atta mexicana",-93.105377,16.782196
"Leptoglossus zonatus",-86.990372,13.996915
"Atta mexicana",-96.944668,19.499373
"Atta mexicana",-100.667549,20.070465
"Anastrepha ludens",-103.513756,20.747901
"Coccus hesperidum",-74.042627,4.770247
"Atta mexicana",-112.815294,31.882466
"Atta mexicana",-100.186683,25.871878
"Atta mexicana",-103.371659,20.723692
"Atta mexicana",-97.107905,18.846105
"Atta mexicana",-100.720894,20.036301
"Leptoglossus zonatus",-84.210774,10.116145
"Atta mexicana",-100.160623,25.652602
"Atta mexicana",-103.641075,20.739708
"Atta mexicana",-100.235259,25.823135
"Atta mexicana",-99.08343,18.990369
"Leptoglossus zonatus",-79.016389,-2.892222
"Atta mexicana",-101.212336,19.675513
"Atta mexicana",-102.746329,20.832983
"Atta mexicana",-102.818599,21.007147
"Atta mexicana",-106.488477,23.378682
"Atta mexicana",-101.138466,19.693316
"Atta mexicana",-103.911897,20.656408
"Atta mexicana",-110.950293,31.231018
"Atta mexicana",-103.315985,20.309734
"Leptoglossus zonatus",-78.26965,0.219768
"Leptoglossus zonatus",-49.666048,-3.785016
"Leptoglossus zonatus",-104.008212,20.703655
"Atta mexicana",-103.493203,22.323428
"Atta mexicana",-103.400036,20.683476
"Atta mexicana",-98.550869,17.732308
"Atta mexicana",-110.871635,29.230805
"Atta mexicana",-106.389553,23.273089
"Atta mexicana",-104.8385,21.46322
"Atta mexicana",-99.4626,20.1156
"Atta mexicana",-100.723335,20.037086
"Atta mexicana",-108.470973,25.582235
"Atta mexicana",-105.381788,20.750305
"Leptoglossus zonatus",-99.135946,20.4351
"Atta mexicana",-102.250954,21.938143
"Atta mexicana",-100.234772,25.763887
"Atta mexicana",-100.307388,25.75037
"Atta mexicana",-105.454078,20.753447
"Atta mexicana",-103.3306,20.6973
"Atta mexicana",-96.953125,19.467104
"Leptoglossus zonatus",-99.803984,20.685667
"Leptoglossus zonatus",-117.124192,32.53748
"Atta mexicana",-96.719983,17.066446
"Atta mexicana",-100.310445,25.672041
"Atta mexicana",-100.369021,25.607349
"Leptoglossus zonatus",-88.943781,13.880234
"Atta mexicana",-103.391416,20.637867
"Atta mexicana",-101.204744,20.566917
"Atta mexicana",-100.463823,19.568386
"Atta mexicana",-105.228805,20.648808
"Atta mexicana",-108.982829,27.003792
"Atta mexicana",-103.511916,20.746483
"Leptoglossus zonatus",-99.196389,19.316789
"Atta mexicana",-105.238598,20.646696
"Atta mexicana",-100.265388,25.578398
"Atta mexicana",-105.31678,20.740825
"Atta mexicana",-98.176398,18.765048
"Atta mexicana",-99.701349,22.922396
"Atta mexicana",-106.431562,23.232091
"Atta mexicana",-100.134354,19.189596
"Aphis gossypii",-35.525029,-7.117361
"Leptoglossus zonatus",-100.354108,25.620443
"Atta mexicana",-97.332097,20.452912
"Atta mexicana",-101.682698,21.173008
"Atta mexicana",-103.51325,20.742305
"Leptoglossus zonatus",-100.388246,20.521994
"Atta mexicana",-93.139701,16.759311
"Atta mexicana",-103.662599,20.427057
"Atta mexicana",-96.768338,17.044797
"Trioza anceps",-98.206613,19.011467
"Atta mexicana",-102.53244,21.775745
"Leptoglossus zonatus",-101.188123,19.716442
"Atta mexicana",-100.715187,20.037888
"Atta mexicana",-107.297126,24.878249
"Atta mexicana",-91.152097,14.740492
"Atta mexicana",-101.237205,19.69599
"Atta mexicana",-104.038931,20.544606
"Leptoglossus zonatus",-100.208771,25.630608
"Atta mexicana",-101.188134,19.716588
"Atta mexicana",-97.507683,20.007772
"Atta mexicana",-96.131827,15.756264
"Atta mexicana",-100.356885,25.710602
"Leptoglossus zonatus",-64.176736,10.461136
"Atta mexicana",-103.230741,20.734631
"Leptoglossus zonatus",-80.036512,8.448142
"Atta mexicana",-104.943635,20.7496
"Atta mexicana",-102.048442,19.395681
"Leptoglossus zonatus",-89.734711,20.988688
"Atta mexicana",-98.412634,21.162779
"Atta mexicana",-90.459621,14.567826
"Atta mexicana",-101.186939,19.719626
"Atta mexicana",-96.955467,19.156508
"Atta mexicana",-103.836853,20.695389
"Atta mexicana",-101.001171,22.126281
"Atta mexicana",-98.382262,21.150198
"Leptoglossus zonatus",-101.232964,19.671028
"Atta mexicana",-100.259507,20.704275
"Atta mexicana",-101.166467,19.709676
"Atta mexicana",-100.91593,22.114077
"Leptoglossus zonatus",-72.997222,5.838849
"Atta mexicana",-97.847253,16.627187
"Atta mexicana",-96.723648,17.072428
"Atta mexicana",-99.495628,18.953833
"Atta mexicana",-102.825551,20.700403
"Atta mexicana",-102.789609,20.81494
"Atta mexicana",-97.964257,20.278641
"Monalonion velezangeli",-74.057544,4.735263
"Atta mexicana",-96.802137,17.128922
"Leptoglossus zonatus",-87.005288,14.013294
"Atta mexicana",-97.332654,20.453209
"Atta mexicana",-105.391174,20.740509
"Atta mexicana",-103.381198,20.738481
"Leptoglossus zonatus",-89.992611,14.631802
"Atta mexicana",-97.411522,18.462917
"Atta mexicana",-110.966119,29.157545
"Leptoglossus zonatus",-74.889488,10.899315
"Atta mexicana",-90.850997,15.16607
"Atta mexicana",-105.234349,20.647402
"Atta mexicana",-98.583531,20.513599
"Leptoglossus zonatus",-75.562871,6.270367
"Atta mexicana",-98.16312,20.290603
"Atta mexicana",-103.197897,20.344753
"Atta mexicana",-100.32646,26.052967
"Atta mexicana",-96.745002,17.144466
"Atta mexicana",-103.31712,20.721539
"Atta mexicana",-103.414152,20.605316
"Trioza anceps",-99.166742,19.355547
"Atta mexicana",-104.673524,19.214704
"Atta mexicana",-99.236253,18.982397
"Atta mexicana",-96.72207,17.070403
"Atta mexicana",-103.982772,20.703092
"Atta mexicana",-100.128966,19.182687
"Leptoglossus zonatus",-78.426656,-0.195651
"Leptoglossus zonatus",-78.375557,-0.221667
"Atta mexicana",-88.569279,20.684463
"Atta mexicana",-99.820863,21.651686
"Atta mexicana",-96.744848,17.144175
"Atta mexicana",-99.067826,18.824225
"Atta mexicana",-96.743285,17.07609
"Leptoglossus zonatus",-85.592091,10.285953
"Atta mexicana",-90.521595,14.582579
"Atta mexicana",-104.629199,24.053292
"Coccus hesperidum",-58.475753,-34.578031
"Trioza anceps",-100.419012,20.577008
"Atta mexicana",-100.330231,25.644169
"Atta mexicana",-103.438248,20.824633
"Atta mexicana",-100.695319,26.783147
"Leptoglossus zonatus",-84.0229,9.94335
"Atta mexicana",-103.720291,19.274063
"Atta mexicana",-96.185248,18.029214
"Atta mexicana",-100.316566,25.724632
"Atta mexicana",-109.971922,27.492869
"Atta mexicana",-110.954948,29.148972
"Atta mexicana",-99.08249,18.986557
"Atta mexicana",-105.211358,20.656513
"Leptoglossus zonatus",-90.587944,14.652487
"Atta mexicana",-102.054136,19.407122
"Atta mexicana",-100.131014,19.187443
"Trioza anceps",-99.209371,19.500212
"Atta mexicana",-96.575043,19.475856
"Atta mexicana",-102.29349,21.90749
"Atta mexicana",-106.881012,24.522692
"Atta mexicana",-103.453164,19.696162
"Anastrepha ludens",-57.5329,-25.341
"Atta mexicana",-109.236233,26.400933
"Atta mexicana",-99.236622,18.98475
"Anastrepha ludens",-100.276084,25.632302
"Leptoglossus zonatus",-103.370278,20.717768
"Leptoglossus zonatus",-99.169547,20.548625
"Atta mexicana",-101.179259,19.72232
"Atta mexicana",-99.213387,18.911613
"Atta mexicana",-93.142334,16.760941
"Atta mexicana",-100.679386,20.051142
"Atta mexicana",-112.743825,31.867263
"Leptoglossus zonatus",-84.188644,9.984478
"Atta mexicana",-103.262282,20.299781
"Atta mexicana",-100.400058,20.593886
"Leptoglossus zonatus",-92.630197,15.783353
"Atta mexicana",-96.768006,17.04645
"Atta mexicana",-110.961295,29.152789
"Atta mexicana",-105.345539,20.763237
"Leptoglossus zonatus",-78.457784,-0.001553
"Atta mexicana",-105.248086,20.807308
"Leptoglossus zonatus",-99.172153,23.759434
"Atta mexicana",-96.921835,19.578268
"Leptoglossus zonatus",-78.262585,0.231115
"Atta mexicana",-112.81514,31.881461
"Leptoglossus zonatus",-101.001858,22.125627
"Atta mexicana",-113.0196,31.944063
"Atta mexicana",-92.015594,17.502157
"Leptoglossus zonatus",-45.517586,-7.038055
"Atta mexicana",-99.287993,18.604618
"Atta mexicana",-101.168611,19.696944
"Leptoglossus zonatus",-98.228475,18.976324
"Atta mexicana",-97.054526,20.061513
"Atta mexicana",-96.641828,16.307324
"Atta mexicana",-105.044446,19.498554
"Atta mexicana",-96.959451,19.451938
"Atta mexicana",-103.250001,20.757217
"Atta mexicana",-102.270914,21.911322
"Atta mexicana",-100.315233,25.874761
"Atta mexicana",-100.932824,22.134998
"Atta mexicana",-100.257154,25.662332
"Atta mexicana",-99.258474,23.732784
"Heilipus lauri",-75.543099,6.331662
"Atta mexicana",-97.428177,20.540456
"Atta mexicana",-101.163128,19.700476
"Atta mexicana",-102.435194,19.948553
"Atta mexicana",-102.735858,20.877739
"Atta mexicana",-103.422704,20.620744
"Atta mexicana",-97.417762,20.956764
"Atta mexicana",-100.089318,20.406695
"Atta mexicana",-102.310087,19.936876
"Atta mexicana",-102.768651,20.340382
"Atta mexicana",-109.806253,29.215875
"Atta mexicana",-100.095148,20.399883
"Atta mexicana",-100.411745,20.593375
"Atta mexicana",-102.295028,21.901847
"Atta mexicana",-101.000742,22.125669
"Atta mexicana",-106.692089,24.417657
"Leptoglossus zonatus",-101.180511,19.702002
"Atta mexicana",-103.507333,19.997474
"Atta mexicana",-99.346163,18.5747
"Anastrepha ludens",-103.43433,20.594393
"Atta mexicana",-101.178707,19.701261
"Atta mexicana",-96.259063,15.771847
"Atta mexicana",-96.890045,19.535801
"Atta mexicana",-100.316276,25.724481
"Atta mexicana",-102.290044,21.853794
"Atta mexicana",-98.91968,18.811665
"Trioza anceps",-99.096681,18.983894
"Atta mexicana",-103.514936,20.617144
"Leptoglossus zonatus",-98.254795,22.853144
"Leptoglossus zonatus",-103.415824,20.639885
"Atta mexicana",-90.553749,14.585173
"Atta mexicana",-106.441099,23.29965
"Atta mexicana",-105.238525,20.597675
"Atta mexicana",-96.789948,18.895826
"Aphis gossypii",-86.353912,13.10337
"Atta mexicana",-102.326635,22.223553
"Atta mexicana",-99.340159,18.895259
"Atta mexicana",-102.331143,21.852989
"Atta mexicana",-101.205107,19.689215
"Leptoglossus zonatus",-46.661091,-23.53681
"Atta mexicana",-89.252588,13.665602
"Heliothrips haemorrhoidalis",-52.418224,-31.800168
"Leptoglossus zonatus",-96.762697,17.081186
"Atta mexicana",-103.442618,20.692239
"Atta mexicana",-100.009945,21.943266
"Atta mexicana",-96.794544,19.425124
"Atta mexicana",-99.271977,20.184662
"Atta mexicana",-100.374283,20.587381
"Atta mexicana",-105.226795,20.646018
"Atta mexicana",-101.68596,21.125008
"Leptoglossus zonatus",-105.496888,28.2614
"Atta mexicana",-99.239367,18.859303
"Atta mexicana",-97.733951,17.825981
"Atta mexicana",-103.268593,20.297743
"Atta mexicana",-97.394206,20.971342
"Atta mexicana",-100.028811,16.928992
"Atta mexicana",-100.29519,25.773285
"Atta mexicana",-99.21917,20.45603
"Leptoglossus zonatus",-96.761913,17.144235
"Atta mexicana",-100.868783,22.082833
"Atta mexicana",-100.441345,25.658305
"Leptoglossus zonatus",-86.181541,12.013959
"Atta mexicana",-89.00482,14.48126
"Leptoglossus zonatus",-74.452852,4.801787
"Leptoglossus zonatus",-100.204996,25.634902
"Atta mexicana",-103.426726,20.62442
"Atta mexicana",-102.825272,20.701005
"Leptoglossus zonatus",-111.076219,27.956918
"Atta mexicana",-96.736882,17.067738
"Atta mexicana",-106.32441,23.501863
"Atta mexicana",-111.527922,30.396817
"Atta mexicana",-103.98282,20.703117
"Atta mexicana",-100.27648,20.604514
"Leptoglossus zonatus",-87.00461,14.013435
"Atta mexicana",-99.222582,18.949514
"Atta mexicana",-103.412428,20.61914
"Atta mexicana",-96.919934,19.576221
"Atta mexicana",-105.706379,22.856209
"Atta mexicana",-104.033675,20.712842
"Leptoglossus zonatus",-85.674188,10.579959
"Leptoglossus zonatus",-103.238034,20.689393
"Atta mexicana",-110.939112,31.296785
"Atta mexicana",-98.206273,18.49396
"Atta mexicana",-104.679419,19.195747
"Atta mexicana",-105.439514,20.871078
"Atta mexicana",-102.318403,21.914389
"Atta mexicana",-96.704225,17.014986
"Leptoglossus zonatus",-86.536658,13.938647
"Atta mexicana",-101.298868,20.99484
"Leptoglossus zonatus",-99.204664,19.578394
"Atta mexicana",-103.72305,19.268154
"Atta mexicana",-100.440552,20.701025
"Leptoglossus zonatus",-100.20896,25.630273
"Leptoglossus zonatus",-89.655755,21.072548
"Atta mexicana",-106.485814,23.3045
"Atta mexicana",-101.645512,21.162156
"Leptoglossus zonatus",-105.500886,28.259325
"Atta mexicana",-105.804755,22.848312
"Atta mexicana",-104.425225,19.130097
"Atta mexicana",-107.385203,24.824486
"Coccus hesperidum",-99.162262,19.453042
"Atta mexicana",-100.937311,22.061249
"Atta mexicana",-98.012552,20.208703
"Leptoglossus zonatus",-75.819361,5.596767
"Leptoglossus zonatus",-103.451186,20.731868
"Atta mexicana",-102.296317,21.892527
"Atta mexicana",-100.50848,20.697158
"Atta mexicana",-109.688942,29.801917
"Atta mexicana",-99.067122,18.990313
"Atta mexicana",-100.895375,21.827357
"Atta mexicana",-103.375234,20.761044
"Atta mexicana",-101.386775,20.683551
"Leptoglossus zonatus",-78.375248,-0.221617
"Atta mexicana",-88.853912,17.253328
"Atta mexicana",-100.724201,19.968743
"Aphis gossypii",-99.165225,19.356295
"Atta mexicana",-101.178889,19.696389
"Atta mexicana",-97.225998,20.222563
"Atta mexicana",-101.208594,19.699819
"Leptoglossus zonatus",-76.344405,-0.483633
"Atta mexicana",-101.179072,19.721031
"Atta mexicana",-102.311473,21.815059
"Atta mexicana",-100.728333,20.919267
"Atta mexicana",-108.942661,26.993456
"Atta mexicana",-105.266871,21.025125
"Atta mexicana",-101.495104,24.039379
"Atta mexicana",-100.156579,25.645029
"Atta mexicana",-98.200475,19.002926
"Atta mexicana",-100.330566,25.644201
"Atta mexicana",-101.395817,20.68602
"Anastrepha ludens",-101.163048,19.700461
"Atta mexicana",-89.911341,14.966759
"Atta mexicana",-100.325883,25.645338
"Leptoglossus zonatus",-99.192232,18.880475
"Atta mexicana",-104.770889,21.430095
"Leptoglossus zonatus",-101.043069,22.149877
"Atta mexicana",-110.903342,31.272504
"Atta mexicana",-100.679345,20.051147
"Atta mexicana",-100.374369,25.615422
"Atta mexicana",-98.134781,18.93906
"Atta mexicana",-99.457161,18.913565
"Atta mexicana",-98.199764,20.396877
"Atta mexicana",-98.422578,18.918797
"Leptoglossus zonatus",-46.711631,-23.436884
"Atta mexicana",-104.023229,20.709833
"Leptoglossus zonatus",-100.134942,25.398553
"Atta mexicana",-102.304038,21.924128
"Atta mexicana",-106.430397,23.279697
"Atta mexicana",-104.007711,20.703264
"Atta mexicana",-98.17791,19.002836
"Leptoglossus zonatus",-48.523276,-21.40081
"Atta mexicana",-100.81958,20.540684
"Leptoglossus zonatus",-78.445125,-0.287387
"Atta mexicana",-103.437888,20.534053
"Leptoglossus zonatus",-47.859659,-15.729922
"Leptoglossus zonatus",-103.407944,20.669698
"Atta mexicana",-96.723247,17.065708
"Atta mexicana",-98.445288,18.906756
"Atta mexicana",-100.008267,25.418915
"Atta mexicana",-106.437254,23.242691
"Atta mexicana",-100.333279,25.675988
"Atta mexicana",-103.384156,20.717914
"Atta mexicana",-104.783827,19.272213
"Atta mexicana",-106.731262,24.47307
"Atta mexicana",-99.082418,18.986557
"Atta mexicana",-101.212147,19.673439
"Atta mexicana",-109.586008,30.721214
"Atta mexicana",-100.723808,20.917472
"Atta mexicana",-104.018769,21.048472
"Atta mexicana",-100.427895,20.58458
"Atta mexicana",-102.732971,20.824968
"Leptoglossus zonatus",-99.18351,19.316984
"Leptoglossus zonatus",-96.727666,17.039056
"Atta mexicana",-101.2037,19.690352
"Atta mexicana",-103.982772,20.703142
"Atta mexicana",-98.592807,21.13536
"Atta mexicana",-103.561259,22.304511
"Atta mexicana",-100.205174,25.645624
"Atta mexicana",-104.506613,21.123751
"Atta mexicana",-105.281813,20.723878
"Atta mexicana",-105.437973,20.869152
"Atta mexicana",-100.158088,25.368152
"Leptoglossus zonatus",-80.79082,7.98224
"Leptoglossus zonatus",-100.458315,25.675807
"Leptoglossus zonatus",-100.162113,25.460197
"Atta mexicana",-104.881801,21.506516
"Atta mexicana",-103.990172,20.750424
"Atta mexicana",-102.465919,22.472051
"Leptoglossus zonatus",-82.424872,8.507419
"Atta mexicana",-97.424896,17.985357
"Leptoglossus zonatus",-86.052133,11.937467
"Heilipus lauri",-74.342705,4.593855
"Anastrepha ludens",-103.105394,20.053964
"Leptoglossus zonatus",-110.333377,24.148202
"Atta mexicana",-100.71989,21.586736
"Atta mexicana",-105.440553,20.870497
"Leptoglossus zonatus",-49.142239,-14.522078
"Leptoglossus zonatus",-54.50458,-25.508213
"Leptoglossus zonatus",-100.041893,25.233179
"Atta mexicana",-101.004783,22.133798
"Atta mexicana",-105.216606,20.662336
"Leptoglossus zonatus",-81.204275,8.274243
"Atta mexicana",-106.482413,23.304712
"Leptoglossus zonatus",-48.139105,-15.783882
"Leptoglossus zonatus",-89.687966,16.984603
"Atta mexicana",-104.505782,19.15388
"Atta mexicana",-86.993647,14.003968
"Atta mexicana",-97.630053,20.081373
"Atta mexicana",-97.573888,21.020137
"Atta mexicana",-100.532424,18.24008
"Atta mexicana",-96.886214,19.527142
"Atta mexicana",-96.131314,15.767291
"Atta mexicana",-96.720551,17.066252
"Atta mexicana",-103.456012,20.602688
"Leptoglossus zonatus",-47.858821,-15.729429
"Atta mexicana",-92.973416,15.904224
"Atta mexicana",-101.139369,19.698359
"Atta mexicana",-98.230247,20.387354
"Atta mexicana",-99.153007,23.724327
"Atta mexicana",-106.397158,23.232843
"Atta mexicana",-103.801125,20.499225
"Leptoglossus zonatus",-82.421723,8.508201
"Leptoglossus zonatus",-101.34808,20.677016
"Atta mexicana",-100.778053,20.900167
"Atta mexicana",-97.842012,22.235625
"Atta mexicana",-100.163553,25.440274
"Atta mexicana",-110.946235,31.335057
"Leptoglossus zonatus",-103.501152,25.587116
"Leptoglossus zonatus",-78.459205,-0.21427
"Leptoglossus zonatus",-110.573772,24.222989
"Atta mexicana",-100.679327,20.051188
"Atta mexicana",-101.181058,19.697875
"Atta mexicana",-96.67901,16.946882
"Atta mexicana",-104.610029,24.027471
"Atta mexicana",-101.395476,20.685933
"Atta mexicana",-90.468025,14.442213
"Atta mexicana",-106.322033,23.877343
"Atta mexicana",-99.987366,21.935315
"Leptoglossus zonatus",-48.144379,-17.717028
"Atta mexicana",-100.444126,20.513999
"Atta mexicana",-103.037492,20.346088
"Atta mexicana",-103.192528,20.299839
"Atta mexicana",-103.976667,20.699722
"Leptoglossus zonatus",-103.966624,20.780602
"Leptoglossus zonatus",-105.434229,28.292428
"Atta mexicana",-103.432028,20.681004
"Atta mexicana",-106.44146,23.299393
"Leptoglossus zonatus",-76.55,-12.733333
"Leptoglossus zonatus",-78.396577,-1.393935
"Atta mexicana",-87.00677,14.013351
"Atta mexicana",-96.194351,15.769655
"Atta mexicana",-100.310773,20.654604
"Atta mexicana",-100.999145,22.117656
"Trioza anceps",-98.411572,18.903504
"Atta mexicana",-99.161529,18.911519
"Atta mexicana",-103.380943,20.664611
"Atta mexicana",-99.948204,20.746536
"Atta mexicana",-103.353967,20.695613
"Atta mexicana",-98.576426,20.924451
"Leptoglossus zonatus",-99.090945,26.477533
"Leptoglossus zonatus",-78.429099,-0.20407
"Atta mexicana",-96.048096,15.794827
"Atta mexicana",-99.183304,18.922195
"Atta mexicana",-98.94659,18.909987
"Leptoglossus zonatus",-101.221708,19.710401
"Atta mexicana",-99.639417,21.999963
"Atta mexicana",-100.445866,20.704799
"Atta mexicana",-105.240575,20.644419
"Leptoglossus zonatus",-100.388127,20.522172
"Leptoglossus zonatus",-86.990399,13.996978
"Leptoglossus zonatus",-103.500825,25.587038
"Atta mexicana",-99.497704,18.951965
"Leptoglossus zonatus",-99.140639,19.254186
"Atta mexicana",-100.388339,21.541122
"Atta mexicana",-107.404578,24.811396
"Atta mexicana",-106.880833,24.520833
"Atta mexicana",-105.329735,20.747705
"Leptoglossus zonatus",-84.073314,10.032044
"Atta mexicana",-105.220347,20.620677
"Atta mexicana",-100.723869,20.040297
"Atta mexicana",-102.279037,21.911763
"Atta mexicana",-99.1786,23.0524
"Atta mexicana",-90.553539,14.584758
"Atta mexicana",-97.955981,20.238712
"Leptoglossus zonatus",-99.199556,18.917633
"Trioza anceps",-101.257972,21.030878
"Atta mexicana",-105.767952,22.84823
"Coccus hesperidum",-77.075331,-12.057889
"Atta mexicana",-96.873978,19.516513
"Atta mexicana",-103.106883,20.050277
"Atta mexicana",-103.91236,20.657911
"Atta mexicana",-103.190613,20.323295
"Atta mexicana",-96.719479,17.067684
"Atta mexicana",-100.233748,25.6775
"Atta mexicana",-101.222158,19.647896
"Atta mexicana",-101.218775,19.671386
"Atta mexicana",-97.797997,22.112469
"Atta mexicana",-96.726728,17.067933
"Leptoglossus zonatus",-99.213408,18.872163
"Leptoglossus zonatus",-99.14922,26.585758
"Atta mexicana",-105.377713,20.299937
"Atta mexicana",-103.528127,18.387039
"Atta mexicana",-87.162086,14.08461
"Coccus hesperidum",-99.182787,19.42332
"Leptoglossus zonatus",-84.14733,10.014361
"Atta mexicana",-96.890073,19.540478
"Atta mexicana",-102.258335,21.849476
"Atta mexicana",-102.242461,20.678908
"Bemisia tabaci",-100.993169,22.138228
"Leptoglossus zonatus",-99.803088,20.685238
"Atta mexicana",-96.8925,19.520258
"Heilipus lauri",-75.365448,6.149158
"Atta mexicana",-100.682202,20.050649
"Atta mexicana",-99.227913,18.853591
"Atta mexicana",-90.492217,14.60437
"Atta mexicana",-102.316129,21.879283
"Anastrepha ludens",-100.255188,25.66289
"Atta mexicana",-96.943061,19.512311
"Leptoglossus zonatus",-87.5014,12.922494
"Atta mexicana",-102.296632,21.887318
"Atta mexicana",-100.264796,25.648109
"Atta mexicana",-101.502606,20.367106
"Atta mexicana",-100.041892,25.232928
"Atta mexicana",-106.430697,23.231396
"Atta mexicana",-105.244536,20.588241
"Atta mexicana",-105.220947,20.648675
"Atta mexicana",-103.441338,20.668576
"Atta mexicana",-97.09583,18.86112
"Atta mexicana",-96.946409,19.532993
"Atta mexicana",-98.217946,20.281805
"Atta mexicana",-100.411953,21.54186
"Atta mexicana",-112.815712,31.881495
"Leptoglossus zonatus",-100.387983,20.522109
"Atta mexicana",-96.725592,17.065347
"Atta mexicana",-100.262969,25.638064
"Atta mexicana",-102.373612,21.752167
"Leptoglossus zonatus",-47.229773,-23.093145
"Leptoglossus zonatus",-103.502808,25.589332
"Anastrepha ludens",-68.017198,10.278114
"Atta mexicana",-103.508965,19.630198
"Atta mexicana",-93.140836,16.915523
"Coccus hesperidum",-64.129798,-31.438058
"Atta mexicana",-96.767445,17.046462
"Atta mexicana",-87.009766,14.010835
"Atta mexicana",-105.44932,20.866702
"Atta mexicana",-103.438939,20.647337
"Atta mexicana",-102.296247,21.892621
"Atta mexicana",-96.135853,19.056917
"Atta mexicana",-97.331946,20.452993
"Atta mexicana",-103.412925,20.600818
"Leptoglossus zonatus",-97.299106,18.728354
"Atta mexicana",-100.79647,20.758342
"Leptoglossus zonatus",-88.243695,14.932247
"Atta mexicana",-92.256618,14.901758
"Leptoglossus zonatus",-99.191793,19.315223
"Atta mexicana",-99.243224,18.908932
"Atta mexicana",-92.298756,14.891758
"Atta mexicana",-102.252844,21.849333
"Atta mexicana",-93.095155,16.785281
"Atta mexicana",-99.150377,18.991995
"Atta mexicana",-106.704942,24.0788
"Atta mexicana",-110.951805,29.145945
"Atta mexicana",-100.639237,22.086806
"Atta mexicana",-106.438545,23.252542
"Atta mexicana",-98.003811,20.214733
"Atta mexicana",-101.194982,19.70595
"Leptoglossus zonatus",-51.931725,-23.429168
"Atta mexicana",-96.706912,19.351202
"Atta mexicana",-102.312276,21.878943
"Atta mexicana",-105.331132,20.976758
"Atta mexicana",-101.163187,19.700495
"Atta mexicana",-99.221709,18.956345
"Trioza anceps",-99.172913,19.35418
"Atta mexicana",-98.732914,20.78565
"Atta mexicana",-96.970467,19.157306
"Atta mexicana",-96.880679,19.212953
"Atta mexicana",-98.8033,18.701496
"Atta mexicana",-105.230952,20.381526
"Atta mexicana",-99.665909,18.833759
"Atta mexicana",-99.986726,20.306425
"Atta mexicana",-96.721417,17.07638
"Atta mexicana",-106.067986,23.287692
"Atta mexicana",-100.405447,21.533381
"Leptoglossus zonatus",-103.312227,20.637175
"Atta mexicana",-96.63909,16.305626
"Atta mexicana",-103.363577,20.621878
"Leptoglossus zonatus",-103.685119,19.475819
"Atta mexicana",-101.440471,17.535795
"Atta mexicana",-102.656497,20.748155
"Atta mexicana",-99.033441,18.98103
"Atta mexicana",-103.436237,20.792703
"Leptoglossus zonatus",-75.245214,2.935553
"Atta mexicana",-106.866935,24.027143
"Atta mexicana",-96.961085,18.907645
"Atta mexicana",-96.92069,19.51937
"Atta mexicana",-99.855942,18.376853
"Leptoglossus zonatus",-84.447361,10.052628
"Atta mexicana",-99.768515,22.905134
"Leptoglossus zonatus",-105.496444,28.261769
"Atta mexicana",-109.170775,25.912773
"Atta mexicana",-102.287291,21.851271
"Atta mexicana",-105.928833,22.779917
"Atta mexicana",-98.11785,19.007682
"Leptoglossus zonatus",-99.056912,19.568609
"Atta mexicana",-112.816001,31.881538
"Leptoglossus zonatus",-105.471551,28.273038
"Atta mexicana",-96.148186,15.754417
"Leptoglossus zonatus",-84.826666,10.315564
"Atta mexicana",-97.539507,18.281677
"Leptoglossus zonatus",-77.365089,-11.361477
"Atta mexicana",-96.890106,19.535517
"Atta mexicana",-103.258998,20.297231
"Atta mexicana",-105.104592,21.777825
"Leptoglossus zonatus",-97.516869,18.334978
"Atta mexicana",-102.882222,20.317222
"Atta mexicana",-100.359505,20.59707
"Atta mexicana",-92.933975,18.000978
"Atta mexicana",-97.288432,17.471116
"Atta mexicana",-101.227879,19.647567
"Atta mexicana",-99.229263,18.955138
"Atta mexicana",-96.174638,19.13402
"Atta mexicana",-98.964904,18.924925
"Atta mexicana",-102.211024,19.9067
"Atta mexicana",-102.325594,21.9179
"Atta mexicana",-106.285144,23.796161
"Leptoglossus zonatus",-56.076832,-9.870138
"Atta mexicana",-96.310875,19.320972
"Atta mexicana",-96.44869,16.958262
"Atta mexicana",-100.492661,20.623808
"Atta mexicana",-100.270419,25.549862
"Atta mexicana",-101.93017,21.330683
"Atta mexicana",-87.005679,14.013355
"Leptoglossus zonatus",-80.036498,8.448217
"Atta mexicana",-102.752713,20.827147
"Atta mexicana",-97.495932,18.316531
"Atta mexicana",-100.723602,20.039629
"Atta mexicana",-105.412463,20.899074
"Atta mexicana",-103.437508,20.824574
"Atta mexicana",-103.372808,20.720573
"Leptoglossus zonatus",-55.818415,-9.945581
"Atta mexicana",-101.395239,20.68742
"Leptoglossus zonatus",-99.150452,26.576792
"Atta mexicana",-107.407165,24.778759
"Atta mexicana",-97.315613,20.456671
"Atta mexicana",-102.275818,21.911253
"Atta mexicana",-96.418363,15.918341
"Atta mexicana",-102.273139,21.865476
"Atta mexicana",-100.256439,25.662331
"Atta mexicana",-102.769543,20.334118
"Atta mexicana",-97.607904,18.219487
"Atta mexicana",-103.452042,20.705256
"Atta mexicana",-96.766617,17.046519
"Atta mexicana",-103.982887,20.703258
"Atta mexicana",-100.388053,20.522122
"Atta mexicana",-96.958994,18.902278
"Leptoglossus zonatus",-100.977373,22.157691
"Leptoglossus zonatus",-54.249217,-27.774551
"Leptoglossus zonatus",-100.270424,25.547167
"Atta mexicana",-100.089318,20.411843
"Atta mexicana",-106.391745,23.728043
"Atta mexicana",-106.694672,24.412392
"Atta mexicana",-100.293098,25.735977
"Atta mexicana",-105.412483,20.866992
"Atta mexicana",-108.938206,27.019689
"Atta mexicana",-102.28067,22.22347
"Atta mexicana",-101.62192,21.1174
"Atta mexicana",-96.910147,19.559278
"Atta mexicana",-100.739905,20.923162
"Leptoglossus zonatus",-103.368347,25.583386
"Atta mexicana",-97.596003,20.008064
"Atta mexicana",-96.194336,15.769598
"Atta mexicana",-103.461233,19.725492
"Aphis gossypii",-70.929736,-17.198473
"Atta mexicana",-103.513728,20.746348
"Atta mexicana",-106.322086,23.877189
"Leptoglossus zonatus",-78.419895,-0.25792
"Atta mexicana",-109.965767,27.496089
"Atta mexicana",-97.343683,18.317156
"Atta mexicana",-102.208601,19.908812
"Atta mexicana",-100.341434,20.533225
"Leptoglossus zonatus",-78.281418,0.302391
"Atta mexicana",-100.47946,19.582752
"Leptoglossus zonatus",-100.256485,25.698413
"Atta mexicana",-87.201455,14.122833
"Atta mexicana",-101.197721,19.681465
"Atta mexicana",-108.950478,27.024604
"Atta mexicana",-105.423364,20.883118
"Leptoglossus zonatus",-75.46787,6.380999
"Atta mexicana",-100.280393,25.76601
"Leptoglossus zonatus",-46.443358,-22.794798
"Monalonion velezangeli",-74.087093,4.636531
"Atta mexicana",-103.23987,20.618778
"Leptoglossus zonatus",-86.087555,12.115956
"Leptoglossus zonatus",-49.39755,-16.693606
"Aphis gossypii",-100.952469,22.144365
"Atta mexicana",-99.22931,18.955183
"Atta mexicana",-98.252214,19.002044
"Atta mexicana",-104.090207,20.798156
"Atta mexicana",-102.169552,19.860415
"Atta mexicana",-100.253722,25.661981
"Atta mexicana",-102.782987,20.847288
"Leptoglossus zonatus",-78.483591,-0.285894
"Atta mexicana",-101.621253,21.117142
"Atta mexicana",-103.41108,20.668661
"Leptoglossus zonatus",-81.322525,8.007053
"Atta mexicana",-101.178756,19.697133
"Atta mexicana",-106.691537,24.413635
"Trioza anceps",-103.395187,20.681351
"Atta mexicana",-96.498772,15.662783
"Atta mexicana",-101.241619,21.009753
"Leptoglossus zonatus",-73.739448,3.996909
"Leptoglossus zonatus",-85.284827,10.475289
"Atta mexicana",-110.950912,29.151261
"Atta mexicana",-102.320138,21.914291
"Leptoglossus zonatus",-78.947838,-2.874728
"Atta mexicana",-106.42341,23.227105
"Atta mexicana",-103.513753,20.746549
"Atta mexicana",-104.855236,21.489275
"Atta mexicana",-96.72065,17.063628
"Leptoglossus zonatus",-82.578088,8.539494
"Leptoglossus zonatus",-46.920232,-22.817407
"Atta mexicana",-99.244745,18.966914
"Atta mexicana",-102.783172,20.847322
"Leptoglossus zonatus",-85.95509,11.711621
"Leptoglossus zonatus",-99.038802,19.359
"Atta mexicana",-97.055565,15.851896
"Atta mexicana",-103.288413,20.775408
"Atta mexicana",-101.432343,17.562931
"Atta mexicana",-103.577011,20.710461
"Atta mexicana",-97.545215,20.063183
"Atta mexicana",-104.320555,19.09862
"Trioza anceps",-98.897552,19.528083
"Atta mexicana",-98.485973,21.233026
"Leptoglossus zonatus",-80.026055,7.534017
"Atta mexicana",-96.962075,19.144203
"Leptoglossus zonatus",-86.01972,12.004444
"Atta mexicana",-105.241402,20.590225
"Atta mexicana",-87.006111,14.013425
"Atta mexicana",-102.303215,21.879521
"Leptoglossus zonatus",-54.445377,-25.679822
"Atta mexicana",-99.267953,18.649036
"Atta mexicana",-108.672037,26.938575
"Leptoglossus zonatus",-100.440958,20.603513
"Atta mexicana",-100.406202,21.534865
"Leptoglossus zonatus",-103.500856,25.58708
"Atta mexicana",-100.391849,20.594638
"Atta mexicana",-103.261379,20.29715
"Atta mexicana",-104.223061,19.80657
"Leptoglossus zonatus",-100.264022,25.658441
"Atta mexicana",-100.38305,20.601097
"Atta mexicana",-103.349209,20.661182
"Leptoglossus zonatus",-44.990272,-19.871401
"Leptoglossus zonatus",-102.194529,21.97837
"Atta mexicana",-96.767,17.045705
"Atta mexicana",-106.285719,23.791472
"Atta mexicana",-103.393593,20.708722
"Atta mexicana",-101.013745,22.120521
"Atta mexicana",-112.815105,31.882145
"Atta mexicana",-102.368081,22.246292
"Atta mexicana",-103.736562,19.50519
"Anastrepha ludens",-99.012165,19.594406
"Atta mexicana",-96.921797,19.578486
"Atta mexicana",-102.986282,21.144232
"Atta mexicana",-99.985634,20.395101
"Atta mexicana",-110.23141,27.407883
"Atta mexicana",-99.191415,18.913818
"Atta mexicana",-100.24744,25.671384
"Atta mexicana",-99.200674,18.917598
"Atta mexicana",-101.927363,21.335624
"Trioza anceps",-99.168878,23.065797
"Leptoglossus zonatus",-75.806112,2.383124
"Trioza anceps",-99.092833,19.248187
"Atta mexicana",-106.426968,23.263257
"Atta mexicana",-96.970162,19.156967
"Atta mexicana",-100.65139,20.163925
"Atta mexicana",-93.260811,16.236708
"Leptoglossus zonatus",-103.502803,25.589313
"Leptoglossus zonatus",-49.342665,-16.781762
"Atta mexicana",-91.136258,14.522933
"Atta mexicana",-87.011665,14.012308
"Atta mexicana",-103.315423,20.7318
"Atta mexicana",-90.52227,14.579905
"Trioza anceps",-97.008994,18.137449
"Atta mexicana",-99.214438,20.260712
"Atta mexicana",-100.135158,21.448746
"Atta mexicana",-97.858833,22.237082
"Atta mexicana",-106.282312,23.80815
"Atta mexicana",-101.20367,19.690362
"Atta mexicana",-103.382805,20.300442
"Atta mexicana",-106.213737,23.503337
"Atta mexicana",-100.328864,25.644384
"Leptoglossus zonatus",-86.35442,12.092896
"Atta mexicana",-100.515885,20.496381
"Leptoglossus zonatus",-86.177976,11.921679
"Leptoglossus zonatus",-46.704471,-23.590942
"Leptoglossus zonatus",-99.222786,19.4151
"Atta mexicana",-98.594793,21.157244
"Leptoglossus zonatus",-78.380325,-1.396125
"Atta mexicana",-96.06672,15.78259
"Leptoglossus zonatus",-99.535309,17.635578
"Atta mexicana",-88.222893,13.57286
"Atta mexicana",-100.257352,25.728821
"Atta mexicana",-102.27983,21.881011
"Atta mexicana",-100.374334,20.597295
"Atta mexicana",-106.415908,23.2484
"Atta mexicana",-105.234456,20.608603
"Atta mexicana",-102.274362,22.149508
"Atta mexicana",-98.134792,18.938048
"Atta mexicana",-90.491292,14.604921
"Leptoglossus zonatus",-78.459969,0.012912
"Atta mexicana",-87.010383,14.010821
"Atta mexicana",-100.264237,25.658438
"Atta mexicana",-105.919544,23.376253
"Leptoglossus zonatus",-100.265352,25.578314
"Atta mexicana",-87.009736,14.009006
"Atta mexicana",-101.485265,21.038784
"Leptoglossus zonatus",-100.28084,25.642271
"Atta mexicana",-101.222716,19.649234
"Leptoglossus zonatus",-99.804021,20.685805
"Atta mexicana",-105.253126,20.66397
"Atta mexicana",-101.144395,20.64423
"Atta mexicana",-103.411275,20.668314
"Anastrepha ludens",-100.986709,22.15744
"Atta mexicana",-110.563383,29.711272
"Atta mexicana",-105.216823,20.662334
"Atta mexicana",-100.767447,20.88903
"Atta mexicana",-106.879492,24.521983
"Atta mexicana",-100.679333,20.051213
"Atta mexicana",-100.156322,25.919777
"Atta mexicana",-103.550609,20.736998
"Atta mexicana",-104.666992,24.194834
"Atta mexicana",-101.181014,19.701325
"Atta mexicana",-101.540999,17.631177
"Atta mexicana",-99.173294,18.895487
"Leptoglossus zonatus",-87.006352,13.997713
"Atta mexicana",-100.891425,21.530305
"Leptoglossus zonatus",-96.683333,17.086667
"Atta mexicana",-103.439322,20.67153
"Atta mexicana",-89.178931,13.612169
"Atta mexicana",-90.566238,14.664247
"Atta mexicana",-96.940412,19.537105
"Atta mexicana",-102.202969,21.921098
"Atta mexicana",-105.918482,23.382183
"Atta mexicana",-105.438091,20.865163
"Atta mexicana",-105.928223,22.766057
"Atta mexicana",-104.696395,24.023701
"Leptoglossus zonatus",-88.943764,19.95277
"Heilipus lauri",-96.784676,16.993095
"Atta mexicana",-104.860912,21.490112
"Leptoglossus zonatus",-104.645866,24.01421
"Atta mexicana",-87.006989,14.007923
"Atta mexicana",-102.782378,20.847442
"Leptoglossus zonatus",-102.572133,19.516934
"Atta mexicana",-102.280302,21.948124
"Atta mexicana",-96.34073,19.407633
"Atta mexicana",-103.349438,20.659538
"Leptoglossus zonatus",-80.534284,7.971343
"Atta mexicana",-96.929932,19.544404
"Atta mexicana",-105.335395,20.511572
"Leptoglossus zonatus",-110.095047,24.097606
"Leptoglossus zonatus",-72.208855,7.771165
"Heilipus lauri",-74.96411,5.265336
"Trioza anceps",-97.896479,19.80723
"Atta mexicana",-100.37207,25.649947
"Leptoglossus zonatus",-103.818383,19.369662
"Atta mexicana",-104.085953,20.802828
"Atta mexicana",-100.241487,25.696869
"Leptoglossus zonatus",-101.152833,19.671506
"Atta mexicana",-100.393928,20.516975
"Atta mexicana",-103.395972,20.758491
"Atta mexicana",-99.760249,25.044197
"Atta mexicana",-102.288222,21.904435
"Atta mexicana",-96.138947,15.763767
"Atta mexicana",-103.570839,20.710834
"Leptoglossus zonatus",-105.49029,28.168687
"Leptoglossus zonatus",-88.049535,14.925224
"Leptoglossus zonatus",-100.207314,25.645521
"Atta mexicana",-101.616883,20.52745
"Atta mexicana",-106.283524,23.111135
"Leptoglossus zonatus",-78.318744,-0.159486
"Atta mexicana",-99.082902,18.985361
"Atta mexicana",-109.170692,25.912756
"Atta mexicana",-102.273541,22.094491
"Leptoglossus zonatus",-99.138794,19.25315
"Atta mexicana",-106.485556,23.304943
"Atta mexicana",-103.409016,20.670014
"Leptoglossus zonatus",-97.5174,18.334981
"Atta mexicana",-101.220817,19.699587
"Atta mexicana",-103.605369,19.878729
"Leptoglossus zonatus",-78.392875,-0.204322
"Atta mexicana",-108.949391,27.013914
"Atta mexicana",-100.157063,19.661211
"Atta mexicana",-103.27821,20.597343
"Atta mexicana",-110.942467,29.100025
"Atta mexicana",-91.136604,14.522504
"Atta mexicana",-90.489248,14.603762
"Atta mexicana",-100.447089,20.702087
"Atta mexicana",-106.001144,23.103378
"Atta mexicana",-100.342629,25.750428
"Leptoglossus zonatus",-90.087516,14.738142
"Leptoglossus zonatus",-42.030823,-20.909266
"Atta mexicana",-109.962265,27.501595
"Atta mexicana",-102.29839,19.93909
"Atta mexicana",-99.731171,20.947126
"Atta mexicana",-96.720017,17.06638
"Atta mexicana",-103.206772,20.437703
"Atta mexicana",-103.443111,20.66367
"Leptoglossus zonatus",-103.190978,20.323342
"Leptoglossus zonatus",-110.291121,24.039395
"Atta mexicana",-98.964012,18.85253
"Atta mexicana",-96.45043,16.958447
"Atta mexicana",-100.296677,25.664729
"Atta mexicana",-103.569452,20.772255
"Leptoglossus zonatus",-115.966644,30.446308
"Leptoglossus zonatus",-78.577441,-3.580037
"Atta mexicana",-96.719936,17.066339
"Atta mexicana",-105.250782,20.661393
"Atta mexicana",-101.179387,19.696937
"Atta mexicana",-98.902699,18.719843
"Atta mexicana",-99.397417,21.938094
"Atta mexicana",-102.336366,20.236736
"Atta mexicana",-99.398804,18.933568
"Atta mexicana",-88.22493,13.572722
"Atta mexicana",-103.350105,20.661005
"Atta mexicana",-97.815949,20.027114
"Atta mexicana",-107.386853,24.828258
"Atta mexicana",-105.724355,22.872475
"Atta mexicana",-100.32971,25.644324
"Atta mexicana",-100.475617,20.637655
"Atta mexicana",-97.270853,18.746008
"Atta mexicana",-87.211562,14.042175
"Atta mexicana",-100.631697,22.213853
"Leptoglossus zonatus",-106.192042,23.484303
"Atta mexicana",-96.47999,16.016119
"Atta mexicana",-103.1881,20.286208
"Atta mexicana",-87.014747,14.006553
"Leptoglossus zonatus",-109.695308,23.045348
"Leptoglossus zonatus",-85.452352,10.629713
"Atta mexicana",-101.180817,19.698578
"Atta mexicana",-103.288474,20.734216
"Atta mexicana",-100.475655,20.63769
"Atta mexicana",-100.939396,21.978734
"Atta mexicana",-100.15438,25.424065
"Atta mexicana",-99.065955,19.005256
"Atta mexicana",-99.237901,18.933974
"Leptoglossus zonatus",-105.47159,28.273129
"Atta mexicana",-96.551513,15.666665
"Atta mexicana",-100.312713,20.45258
"Atta mexicana",-103.267062,20.696335
"Atta mexicana",-100.742975,20.477659
"Atta mexicana",-103.450433,20.551309
"Atta mexicana",-103.461893,19.725078
"Atta mexicana",-101.331007,20.753364
"Atta mexicana",-105.250817,20.6647
"Leptoglossus zonatus",-103.501887,25.586935
"Atta mexicana",-97.570621,18.311889
"Atta mexicana",-97.96266,20.247715
"Atta mexicana",-101.771126,19.905542
"Leptoglossus zonatus",-73.663568,4.093788
"Atta mexicana",-104.603692,23.98406
"Atta mexicana",-100.85295,19.99827
"Atta mexicana",-93.757881,16.085282
"Atta mexicana",-103.984588,20.909038
"Atta mexicana",-101.422103,20.678141
"Atta mexicana",-90.547248,14.631215
"Atta mexicana",-98.939253,18.839437
"Atta mexicana",-100.243972,25.672644
"Atta mexicana",-100.130676,19.190454
"Atta mexicana",-89.227921,13.537687
"Atta mexicana",-96.275768,16.867469
"Atta mexicana",-96.136597,15.766028
"Atta mexicana",-101.221639,19.68308
"Atta mexicana",-105.321327,20.513856
"Leptoglossus zonatus",-100.134828,25.398585
"Anastrepha ludens",-98.229451,19.056143
"Leptoglossus zonatus",-111.080794,27.942728
"Atta mexicana",-101.145618,19.686524
"Atta mexicana",-101.227029,19.643983
"Leptoglossus zonatus",-54.479747,-11.014132
"Atta mexicana",-105.228035,20.629812
"Atta mexicana",-90.509836,14.641682
"Leptoglossus zonatus",-89.66333,20.939151
"Atta mexicana",-92.330566,14.863685
"Aphis gossypii",-100.956351,22.150485
"Leptoglossus zonatus",-84.184926,9.949333
"Atta mexicana",-101.697892,21.174333
"Atta mexicana",-99.495618,18.939014
"Leptoglossus zonatus",-100.38794,20.522085
"Atta mexicana",-96.720313,17.064136
"Leptoglossus zonatus",-87.004944,14.013797
"Atta mexicana",-101.210553,19.672294
"Atta mexicana",-99.231454,18.9807
"Leptoglossus zonatus",-78.375446,-0.221352
"Leptoglossus zonatus",-105.496294,28.261819
"Atta mexicana",-101.877545,19.452485
"Atta mexicana",-103.436317,20.824251
"Atta mexicana",-101.946115,21.363338
"Atta mexicana",-101.214845,19.705645
"Atta mexicana",-100.983367,21.133404
"Atta mexicana",-93.141992,16.760547
"Atta mexicana",-105.906489,23.257367
"Atta mexicana",-100.335833,25.727632
"Atta mexicana",-101.143416,19.684073
"Atta mexicana",-91.259003,14.723542
"Atta mexicana",-90.485144,14.606614
"Atta mexicana",-100.359108,25.618408
"Atta mexicana",-100.184974,21.065287
"Atta mexicana",-96.768111,17.043803
"Atta mexicana",-103.438103,20.67082
"Atta mexicana",-109.013197,27.026882
"Atta mexicana",-93.87695,16.329406
"Atta mexicana",-100.430522,20.538076
"Trioza anceps",-99.178017,19.379505
"Atta mexicana",-98.733931,20.310525
"Leptoglossus zonatus",-100.388094,20.522116
"Atta mexicana",-100.29084,25.737181
"Leptoglossus zonatus",-100.388026,20.522069
"Atta mexicana",-104.859942,21.479763
"Atta mexicana",-96.920048,19.546053
"Atta mexicana",-100.723938,20.04026
"Leptoglossus zonatus",-75.563565,6.270474
"Atta mexicana",-101.02602,20.209493
"Atta mexicana",-107.404313,24.811465
"Atta mexicana",-100.264267,25.658497
"Leptoglossus zonatus",-86.177342,11.922068
"Leptoglossus zonatus",-99.229287,23.775033
"Leptoglossus zonatus",-100.100305,25.889818
"Leptoglossus zonatus",-104.038182,24.79341
"Atta mexicana",-106.348252,23.909962
"Atta mexicana",-98.926796,18.874722
"Atta mexicana",-110.110322,30.571688
"Atta mexicana",-105.26162,20.555228
"Leptoglossus zonatus",-100.159463,25.643172
"Leptoglossus zonatus",-103.445116,24.283501
"Atta mexicana",-103.427381,20.775033
"Atta mexicana",-102.75082,20.833208
"Atta mexicana",-106.686486,24.423542
"Atta mexicana",-99.341513,20.054736
"Atta mexicana",-103.311337,20.739166
"Atta mexicana",-101.334081,20.645802
"Atta mexicana",-101.22097,19.699653
"Leptoglossus zonatus",-98.966027,18.925162
"Atta mexicana",-101.969836,21.320164
"Atta mexicana",-99.21615,20.482452
"Atta mexicana",-104.594045,24.055934
"Atta mexicana",-113.019797,31.943826
"Atta mexicana",-101.147351,19.67247
"Atta mexicana",-105.46633,20.807388
"Atta mexicana",-106.686694,24.423633
"Atta mexicana",-103.451678,19.6921
"Atta mexicana",-100.445473,20.702505
"Atta mexicana",-103.349105,20.60707
"Atta mexicana",-101.208992,19.687309
"Atta mexicana",-103.448989,19.691151
"Atta mexicana",-101.167222,19.699444
"Atta mexicana",-101.172193,19.715107
"Leptoglossus zonatus",-103.501183,25.587105
"Atta mexicana",-106.328397,23.8938
"Leptoglossus zonatus",-105.471565,28.273095
"Atta mexicana",-100.355578,25.644489
"Atta mexicana",-100.870327,22.088051
"Atta mexicana",-96.800519,17.203186
"Leptoglossus zonatus",-99.471435,21.219031
"Atta mexicana",-96.168762,15.757367
"Atta mexicana",-98.482689,17.520162
"Atta mexicana",-101.257583,21.02935
"Atta mexicana",-92.380847,15.019419
"Atta mexicana",-100.617946,20.095859
"Bemisia tabaci",-99.194246,18.75587
"Leptoglossus zonatus",-100.208015,25.630783
"Atta mexicana",-103.608514,20.684893
"Atta mexicana",-103.512114,20.74669
"Atta mexicana",-92.63002,15.783157
"Atta mexicana",-102.39365,22.835603
"Atta mexicana",-103.119419,20.051958
"Atta mexicana",-103.836167,20.695436
"Atta mexicana",-101.165961,19.68175
"Atta mexicana",-101.181611,19.68622
"Leptoglossus zonatus",-103.547442,25.546251
"Coccus hesperidum",-39.298356,-6.366758
"Atta mexicana",-89.199642,13.681075
"Leptoglossus zonatus",-78.42938,-0.194995
"Anastrepha ludens",-97.892758,22.306449
"Atta mexicana",-102.844238,20.661683
"Atta mexicana",-103.4466,19.6988
"Atta mexicana",-99.940058,20.743231
"Atta mexicana",-102.252892,21.87184
"Atta mexicana",-101.203365,19.68906
"Leptoglossus zonatus",-103.19075,20.32352
"Atta mexicana",-106.428039,23.942068
"Leptoglossus zonatus",-100.20816,25.645363
"Atta mexicana",-102.321,21.912
"Heilipus lauri",-75.557484,6.18169
"Atta mexicana",-100.382758,20.593053
"Atta mexicana",-100.749275,20.91153
"Leptoglossus zonatus",-55.730963,-22.573628
"Atta mexicana",-99.843124,21.455242
"Atta mexicana",-103.265158,20.296721
"Atta mexicana",-102.281061,21.890769
"Bemisia tabaci",-100.265989,25.647274
"Atta mexicana",-110.925359,29.071125
"Atta mexicana",-101.13448,22.224922
"Leptoglossus zonatus",-105.471583,28.273109
"Monalonion velezangeli",-74.07997,4.742929
"Atta mexicana",-108.7285,27.065333
"Atta mexicana",-104.889456,21.480833
"Atta mexicana",-87.007231,14.012289
"Atta mexicana",-86.996767,14.008146
"Leptoglossus zonatus",-87.315901,20.395974
"Atta mexicana",-105.294919,20.693123
"Atta mexicana",-102.849581,20.630011
"Leptoglossus zonatus",-78.436324,-0.214838
"Atta mexicana",-103.193083,20.290983
"Atta mexicana",-100.207285,25.639187
"Atta mexicana",-96.9364,19.524098
"Leptoglossus zonatus",-103.430838,20.683197
"Atta mexicana",-97.512345,20.008769
"Atta mexicana",-101.179065,19.697283
"Atta mexicana",-100.263917,25.658155
"Leptoglossus zonatus",-85.940674,11.712355
"Atta mexicana",-100.8535,20.568184
"Leptoglossus zonatus",-82.214964,8.212144
"Leptoglossus zonatus",-101.596292,20.854862
"Atta mexicana",-102.26953,21.894572
"Atta mexicana",-97.457275,20.952871
"Atta mexicana",-103.520562,20.621408
"Atta mexicana",-86.997673,14.006142
"Leptoglossus zonatus",-76.309022,3.5125
"Leptoglossus zonatus",-86.999013,14.014516
"Leptoglossus zonatus",-79.209967,-4.009825
"Atta mexicana",-99.888578,20.539945
"Atta mexicana",-100.446073,20.700985
"Atta mexicana",-105.345203,20.758683
"Leptoglossus zonatus",-110.960341,31.331478
"Atta mexicana",-91.183073,14.382533
"Leptoglossus zonatus",-99.216956,20.501016
"Atta mexicana",-98.963373,18.905879
"Leptoglossus zonatus",-101.650779,21.076386
"Atta mexicana",-98.737462,20.301841
"Heilipus lauri",-75.546875,6.156995
"Leptoglossus zonatus",-80.982501,8.118647
"Trioza anceps",-98.286786,19.051008
"Atta mexicana",-106.411142,23.249415
"Atta mexicana",-103.437954,20.67545
"Leptoglossus zonatus",-66.355696,-9.773745
"Atta mexicana",-99.46924,20.473884
"Atta mexicana",-97.848803,18.827309
"Atta mexicana",-100.79132,19.902338
"Anastrepha ludens",-88.158835,21.121442
"Leptoglossus zonatus",-86.997831,14.012004
"Atta mexicana",-100.720062,20.034927
"Atta mexicana",-96.892126,19.520507
"Atta mexicana",-99.082864,18.985414
"Atta mexicana",-101.190639,19.728261
"Atta mexicana",-96.769166,17.043804
"Atta mexicana",-103.769708,19.471447
"Leptoglossus zonatus",-76.237497,4.512641
"Leptoglossus zonatus",-85.361776,10.251032
"Atta mexicana",-99.905467,20.521172
"Atta mexicana",-103.974213,20.703297
"Atta mexicana",-96.718772,17.005643
"Leptoglossus zonatus",-84.188995,10.047519
"Atta mexicana",-100.987068,22.157072
"Atta mexicana",-97.793236,17.800043
"Atta mexicana",-102.901647,21.184807
"Atta mexicana",-103.392157,20.638588
"Leptoglossus zonatus",-75.13401,4.559001
"Atta mexicana",-99.879128,20.533488
"Atta mexicana",-100.226404,25.676623
"Trioza anceps",-99.078934,19.308066
"Atta mexicana",-103.253163,20.641751
"Atta mexicana",-97.431088,20.512743
"Atta mexicana",-99.147709,23.017814
"Atta mexicana",-102.050056,21.128599
"Atta mexicana",-101.718929,21.157161
"Atta mexicana",-98.602726,17.54888
"Atta mexicana",-96.712517,17.105592
"Atta mexicana",-101.195712,19.682138
"Atta mexicana",-100.313529,25.713127
"Leptoglossus zonatus",-109.136889,30.845542
"Atta mexicana",-100.509894,21.296301
"Atta mexicana",-104.7965,19.24803
"Atta mexicana",-96.892664,19.52031
"Atta mexicana",-100.393219,21.53672
"Atta mexicana",-100.28922,25.712631
"Trioza anceps",-98.229456,19.056073
"Leptoglossus zonatus",-99.210853,19.656575
"Leptoglossus zonatus",-103.329247,20.589725
"Atta mexicana",-99.523301,21.330506
"Leptoglossus zonatus",-87.011292,14.0101
"Atta mexicana",-97.530504,16.227623
"Leptoglossus zonatus",-105.451902,28.290427
"Leptoglossus zonatus",-103.501117,25.587244
"Atta mexicana",-102.330425,21.898634
"Atta mexicana",-100.965975,22.095665
"Atta mexicana",-105.431244,20.877497
"Atta mexicana",-100.683298,20.048902
"Atta mexicana",-103.338611,20.655867
"Atta mexicana",-96.123542,19.113102
"Atta mexicana",-96.19428,15.769626
"Atta mexicana",-100.087258,20.398329
"Atta mexicana",-96.94399,19.512513
"Leptoglossus zonatus",-79.038078,-2.891949
"Atta mexicana",-99.533664,18.350068
"Atta mexicana",-102.295718,19.941173
"Atta mexicana",-102.241003,21.913059
"Atta mexicana",-100.205842,25.633887
"Atta mexicana",-103.417165,20.607623
"Leptoglossus zonatus",-105.445905,28.289805
"Atta mexicana",-103.513572,20.745211
"Atta mexicana",-98.564012,17.806012
"Atta mexicana",-100.39086,21.014892
"Atta mexicana",-87.212991,14.073416
"Atta mexicana",-100.49878,27.019482
"Leptoglossus zonatus",-80.034667,8.44763
"Leptoglossus zonatus",-96.705375,19.375851
"Atta mexicana",-100.392611,20.6164
"Atta mexicana",-102.826409,20.700002
"Leptoglossus zonatus",-87.005756,13.997775
"Atta mexicana",-100.276868,20.604446
"Atta mexicana",-96.89003,19.535769
"Atta mexicana",-109.234096,27.231449
"Atta mexicana",-96.639563,16.304384
"Trioza anceps",-99.903406,20.844065
"Atta mexicana",-100.730657,20.919723
"Atta mexicana",-100.679337,20.051185
"Atta mexicana",-100.722605,20.952162
"Atta mexicana",-96.641802,16.307362
"Atta mexicana",-100.292664,25.736395
"Atta mexicana",-93.121991,16.764762
"Atta mexicana",-103.227577,20.513956
"Atta mexicana",-109.013177,27.02743
"Atta mexicana",-103.219038,20.288358
"Leptoglossus zonatus",-96.730625,17.018816
"Atta mexicana",-100.49018,20.542838
"Atta mexicana",-103.280672,20.303858
"Atta mexicana",-90.486669,14.629766
"Leptoglossus zonatus",-96.134143,15.769197
"Leptoglossus zonatus",-84.796958,10.282625
"Atta mexicana",-100.987209,22.15705
"Leptoglossus zonatus",-100.973895,22.11874
"Atta mexicana",-102.74826,20.816939
"Atta mexicana",-99.235049,18.940979
"Atta mexicana",-103.348527,20.639737
"Atta mexicana",-105.227058,20.602432
"Atta mexicana",-103.464913,21.451346
"Atta mexicana",-101.350582,20.966269
"Atta mexicana",-106.284616,23.109865
"Atta mexicana",-99.473558,21.214505
"Atta mexicana",-101.642994,17.678212
"Atta mexicana",-104.682957,19.213169
"Atta mexicana",-101.200173,19.673139
"Atta mexicana",-106.685582,24.424223
"Atta mexicana",-105.250906,20.659151
"Atta mexicana",-96.510263,17.01049
"Leptoglossus zonatus",-114.80075,29.805417
"Atta mexicana",-100.394471,21.013618
"Atta mexicana",-106.476837,23.29455
"Atta mexicana",-103.233345,20.624752
"Atta mexicana",-103.61325,20.692517
"Leptoglossus zonatus",-78.375402,-0.221402
"Atta mexicana",-107.385254,24.824215
"Atta mexicana",-96.897818,19.52779
"Atta mexicana",-104.743279,22.151457
"Leptoglossus zonatus",-78.10178,0.215783
"Atta mexicana",-101.006592,22.174978
"Atta mexicana",-113.019648,31.943893
"Leptoglossus zonatus",-50.384857,-21.258225
"Leptoglossus zonatus",-103.441667,24.286385
"Atta mexicana",-99.143618,18.155453
"Atta mexicana",-107.432548,24.849892
"Atta mexicana",-103.513405,20.728297
"Leptoglossus zonatus",-85.954211,11.711221
"Leptoglossus zonatus",-105.498955,28.260424
"Leptoglossus zonatus",-78.501362,-0.383138
"Atta mexicana",-101.543278,17.652097
"Atta mexicana",-99.446725,18.537936
"Atta mexicana",-105.292534,20.467218
"Atta mexicana",-92.332427,17.166822
"Leptoglossus zonatus",-47.036297,-22.887261
"Atta mexicana",-98.443785,18.911731
"Atta mexicana",-100.36162,25.66438
"Atta mexicana",-104.845118,20.760869
"Atta mexicana",-100.165025,25.638675
"Atta mexicana",-103.957373,24.001797
"Atta mexicana",-101.22782,19.666646
"Leptoglossus zonatus",-99.139784,19.260824
"Atta mexicana",-103.399136,20.647475
"Atta mexicana",-100.312333,25.660838
"Atta mexicana",-101.180556,19.718894
"Atta mexicana",-100.732091,19.98831
"Aphis gossypii",-35.524998,-7.117346
"Atta mexicana",-100.594038,25.807818
"Atta mexicana",-98.996006,21.397499
"Atta mexicana",-99.001427,18.975128
"Atta mexicana",-102.928387,20.409289
"Atta mexicana",-100.678727,20.039018
"Leptoglossus zonatus",-103.148647,20.625131
"Atta mexicana",-102.784517,20.846872
"Atta mexicana",-100.446035,20.552601
"Atta mexicana",-100.362275,25.666487
"Atta mexicana",-100.264037,25.6585
"Leptoglossus zonatus",-100.387925,20.522133
"Atta mexicana",-96.735747,17.082095
"Leptoglossus zonatus",-100.23453,25.674042
"Atta mexicana",-100.237525,25.906305
"Atta mexicana",-100.12365,19.206898
"Atta mexicana",-105.394142,20.741197
"Atta mexicana",-101.680143,21.188065
"Atta mexicana",-99.247299,18.936712
"Heilipus lauri",-97.00058,19.165987
"Atta mexicana",-106.468413,23.280911
"Heilipus lauri",-74.457025,4.716617
"Atta mexicana",-96.963568,19.460142
"Atta mexicana",-103.121636,20.051621
"Atta mexicana",-96.139023,15.763531
"Atta mexicana",-101.149564,19.539802
"Atta mexicana",-101.592585,21.867267
"Leptoglossus zonatus",-99.630383,22.981234
"Atta mexicana",-100.745214,20.91445
"Atta mexicana",-103.292043,20.674531
"Atta mexicana",-100.27996,25.733148
"Leptoglossus zonatus",-101.164968,19.687774
"Atta mexicana",-101.233595,19.69517
"Heilipus lauri",-96.936665,19.541858
"Leptoglossus zonatus",-89.64097,21.078539
"Atta mexicana",-102.714947,20.854451
"Atta mexicana",-90.898742,16.209346
"Atta mexicana",-98.202004,19.024837
"Atta mexicana",-112.154373,30.720161
"Leptoglossus zonatus",-86.996402,14.005936
"Atta mexicana",-110.951229,29.152927
"Atta mexicana",-100.04174,25.233119
"Atta mexicana",-96.718477,17.05886
"Atta mexicana",-106.41638,23.248653
"Atta mexicana",-87.004681,14.011921
"Atta mexicana",-87.011206,14.009895
"Atta mexicana",-99.60509,18.556566
"Atta mexicana",-108.31656,27.366963
"Atta mexicana",-98.962108,18.905899
"Atta mexicana",-103.278211,20.597312
"Atta mexicana",-100.387603,20.51547
"Leptoglossus zonatus",-90.700906,14.565342
"Atta mexicana",-110.947654,29.019224
"Leptoglossus zonatus",-84.061554,9.894643
"Leptoglossus zonatus",-109.931388,22.95652
"Trioza anceps",-99.205038,19.27087
"Atta mexicana",-100.276658,20.604376
"Atta mexicana",-103.350547,20.732405
"Leptoglossus zonatus",-103.330767,20.800966
"Trioza anceps",-96.919592,19.548352
"Leptoglossus zonatus",-56.855623,-27.389589
"Leptoglossus zonatus",-101.673279,21.113222
"Atta mexicana",-110.947421,29.148206
"Atta mexicana",-101.68457,21.167879
"Atta mexicana",-110.176586,29.110143
"Leptoglossus zonatus",-105.496723,28.2616
"Leptoglossus zonatus",-105.439908,28.288359
"Atta mexicana",-96.912564,19.522922
"Atta mexicana",-101.181416,19.700907
"Atta mexicana",-96.685699,19.348282
"Atta mexicana",-106.881892,24.519437
"Atta mexicana",-99.131453,23.712922
"Atta mexicana",-93.116417,16.767892
"Atta mexicana",-101.236111,19.699016
"Atta mexicana",-99.093053,18.984802
"Leptoglossus zonatus",-100.134939,25.398412
"Atta mexicana",-104.208122,23.908364
"Atta mexicana",-97.880298,22.323767
"Atta mexicana",-102.354648,22.450163
"Atta mexicana",-97.081886,15.861033
"Atta mexicana",-110.612294,29.291742
"Atta mexicana",-103.98307,20.703287
"Atta mexicana",-100.384359,25.72075
"Atta mexicana",-99.206956,18.845769
"Atta mexicana",-100.429292,20.663667
"Atta mexicana",-102.332627,21.979137
"Heilipus lauri",-75.66116,5.408814
"Atta mexicana",-100.957207,22.142826
"Leptoglossus zonatus",-100.284753,25.677498
"Leptoglossus zonatus",-85.749503,10.52763
"Leptoglossus zonatus",-48.556929,-27.594804
"Atta mexicana",-103.425034,20.672586
"Atta mexicana",-100.398903,20.617837
"Anastrepha ludens",-100.135767,25.669041
"Atta mexicana",-106.698833,24.418791
"Atta mexicana",-96.51419,17.044831
"Leptoglossus zonatus",-99.220079,19.398699
"Atta mexicana",-89.232551,13.690745
"Atta mexicana",-101.395188,20.686063
"Leptoglossus zonatus",-100.857808,25.444458
"Atta mexicana",-96.145087,15.738039
"Atta mexicana",-105.85655,22.998706
"Atta mexicana",-97.09952,18.855145
"Atta mexicana",-100.284553,25.74233
"Atta mexicana",-99.249595,20.257897
"Leptoglossus zonatus",-116.618181,31.872817
"Leptoglossus zonatus",-80.036656,8.447736
"Atta mexicana",-90.547395,14.588578
"Leptoglossus zonatus",-98.938819,19.616613
"Atta mexicana",-108.609414,25.661449
"Atta mexicana",-106.560682,23.423115
"Atta mexicana",-100.152694,25.424142
"Atta mexicana",-109.63465,28.763027
"Atta mexicana",-98.188462,19.026133
"Atta mexicana",-90.548883,14.588118
"Atta mexicana",-101.181739,19.697808
"Atta mexicana",-102.2695,21.894688
"Atta mexicana",-100.439935,20.555011
"Atta mexicana",-106.443515,23.299455
"Atta mexicana",-104.080497,21.69863
"Atta mexicana",-101.235217,19.696275
"Leptoglossus zonatus",-100.02094,20.378638
"Leptoglossus zonatus",-47.082468,-22.81845
"Atta mexicana",-103.363045,20.672176
"Atta mexicana",-97.453575,18.13462
"Atta mexicana",-96.803335,16.476309
"Leptoglossus zonatus",-47.065669,-22.629854
"Atta mexicana",-100.410403,20.590348
"Leptoglossus zonatus",-86.997623,14.008042
"Atta mexicana",-105.295209,20.695598
"Atta mexicana",-107.557258,25.371703
"Atta mexicana",-96.726589,17.073178
"Leptoglossus zonatus",-86.990893,13.998505
"Atta mexicana",-107.430496,24.850197
"Atta mexicana",-96.724044,17.069864
"Atta mexicana",-101.22347,19.650251
"Leptoglossus zonatus",-46.550672,-23.664548
"Atta mexicana",-101.891142,20.636089
"Leptoglossus zonatus",-87.000016,14.012814
"Atta mexicana",-99.632005,21.447936
"Atta mexicana",-102.303231,21.879581
"Atta mexicana",-99.294952,18.990265
"Atta mexicana",-92.380609,15.018525
"Leptoglossus zonatus",-101.193797,20.100316
"Atta mexicana",-98.150411,18.825882
"Heilipus lauri",-97.965515,20.022621
"Atta mexicana",-97.331663,20.452842
"Atta mexicana",-104.897292,21.48688
"Atta mexicana",-103.34146,20.607278
"Leptoglossus zonatus",-99.363952,17.799389
"Coccus hesperidum",-58.495675,-34.470067
"Atta mexicana",-97.402033,20.943417
"Atta mexicana",-87.644342,21.032264
"Atta mexicana",-99.017242,21.977734
"Atta mexicana",-96.765503,17.021017
"Atta mexicana",-103.399483,20.401205
"Leptoglossus zonatus",-86.174324,12.051883
"Atta mexicana",-97.474899,20.821732
"Leptoglossus zonatus",-47.234224,-23.087454
"Atta mexicana",-99.540823,24.795595
"Atta mexicana",-106.422675,23.254708
"Atta mexicana",-97.456665,20.953611
"Atta mexicana",-93.108621,16.758855
"Atta mexicana",-97.931583,22.416081
"Heilipus lauri",-82.217158,8.676405
"Atta mexicana",-110.195,29.08127
"Atta mexicana",-99.50987,18.66967
"Atta mexicana",-99.23432,18.93535
"Atta mexicana",-79.5833,9.30452
"Atta mexicana",-99.77217,20.91037
"Atta mexicana",-90.52694,14.62111
"Atta mexicana",-91,14.16667
"Atta mexicana",-89.0402,15.26856
"Atta mexicana",-100.05267,17.6801
"Atta mexicana",-96.89127,19.55163
"Atta mexicana",-99.32066,18.61622
"Atta mexicana",-104.9001,21.23777
"Atta mexicana",-100.260579,25.86636
"Atta mexicana",-98.96497,18.90597
"Atta mexicana",-107.385838,24.828333
"Atta mexicana",-89.197,13.675
"Atta mexicana",-102.61523,24.52827
"Atta mexicana",-91.16667,14.41667
"Atta mexicana",-89.1,15.26667
"Atta mexicana",-95.82964,17.93089
"Atta mexicana",-88.978,13.332
"Atta mexicana",-89.78,13.63
"Atta mexicana",-89.203,13.718
"Atta mexicana",-89.238,13.687
"Atta mexicana",-97.10084,18.85101
"Atta mexicana",-100.303247,25.669262
"Atta mexicana",-93.075996,16.830744
"Atta mexicana",-103.47187,19.707321
"Atta mexicana",-100.721361,20.028964
"Atta mexicana",-101.180598,19.69845
"Leptoglossus zonatus",-101.187805,19.692388
"Atta mexicana",-100.375586,25.645797
"Atta mexicana",-103.47289,19.24913
"Atta mexicana",-102.28273,21.718443
"Atta mexicana",-95.23828,16.32239
"Atta mexicana",-103.34788,20.65911
"Atta mexicana",-91.22,14.708
"Atta mexicana",-101.188123,19.716435
"Leptoglossus zonatus",-67.794053,-10.026076
"Leptoglossus zonatus",-104.218634,19.840166
"Anastrepha ludens",-98.907228,19.455003
"Atta mexicana",-99.603338,18.556393
"Atta mexicana",-103.26202,20.29998
"Atta mexicana",-99.604315,22.398707
"Atta mexicana",-99.312255,20.551499
"Atta mexicana",-95.066953,18.586272
"Atta mexicana",-99.099728,18.985283
"Atta mexicana",-99.234178,18.918613
"Atta mexicana",-99.017336,19.252151
"Aphis gossypii",-99.170385,19.453694
"Atta mexicana",-99.43508,18.929386
"Atta mexicana",-99.229728,18.781673
"Atta mexicana",-99.089009,18.976777
"Aphis gossypii",-98.490128,22.527606
"Atta mexicana",-103.189315,20.290361
"Leptoglossus zonatus",-93.847786,17.439172
"Atta mexicana",-106.582503,23.44265
"Atta mexicana",-99.897449,20.84388
"Atta mexicana",-101.183056,19.685278
"Leptoglossus zonatus",-88.495628,14.94025
"Atta mexicana",-101.366231,20.667234
"Atta mexicana",-102.544835,20.300394
"Atta mexicana",-110.949418,29.157894
"Atta mexicana",-103.36316,20.671176
"Atta mexicana",-101.855833,21.89538
"Leptoglossus zonatus",-78.431111,-0.198611
"Atta mexicana",-97.889847,22.341813
"Atta mexicana",-93.337193,16.63166
"Atta mexicana",-88.822956,14.183056
"Leptoglossus zonatus",-98.792527,19.729044
"Atta mexicana",-96.721833,17.059472
"Atta mexicana",-101.180833,19.685833
"Atta mexicana",-101.928537,21.355205
"Atta mexicana",-105.291181,20.466808
"Atta mexicana",-105.293669,20.709095
"Atta mexicana",-100.124047,25.519495
"Atta mexicana",-103.513355,20.747424
"Leptoglossus zonatus",-102.926102,20.370537
"Atta mexicana",-100.070297,25.51689
"Atta mexicana",-100.909307,21.149739
"Leptoglossus zonatus",-110.320541,24.249379
"Atta mexicana",-96.943011,19.512386
"Atta mexicana",-99.818912,20.696697
"Leptoglossus zonatus",-78.234122,0.017011
"Leptoglossus zonatus",-76.166065,-0.050918
"Atta mexicana",-103.390013,20.704083
"Leptoglossus zonatus",-76.307411,3.511685
"Atta mexicana",-96.713982,17.067108
"Atta mexicana",-99.234841,18.978104
"Atta mexicana",-99.804475,20.687244
"Atta mexicana",-96.199413,15.767965
"Leptoglossus zonatus",-86.991888,14.010667
"Leptoglossus zonatus",-50.063408,-6.059936
"Atta mexicana",-105.234657,20.598793
"Leptoglossus zonatus",-86.996381,14.009263
"Atta mexicana",-98.35913,24.92154
"Atta mexicana",-58.52708,-34.4721
"Atta mexicana",-104.31542,19.05233
"Leptoglossus zonatus",-80.854536,-2.232122
"Atta mexicana",-99.230195,18.831687
"Atta mexicana",-104.401174,19.124548
"Atta mexicana",-103.983287,20.700612
"Atta mexicana",-87.008133,14.011645
"Atta mexicana",-100.875937,22.055759
"Atta mexicana",-97.182678,18.795023
"Leptoglossus zonatus",-63.160079,-17.94052
"Atta mexicana",-105.452701,20.858345
"Leptoglossus zonatus",-104.63499,24.005593
"Atta mexicana",-100.264586,25.654284
"Leptoglossus zonatus",-76.667105,7.793096
"Atta mexicana",-100.999373,22.127809
"Atta mexicana",-99.890289,20.524778
"Atta mexicana",-100.407537,20.505785
"Atta mexicana",-100.265377,25.658426
"Atta mexicana",-96.941839,19.529386
"Atta mexicana",-105.336918,20.324607
"Atta mexicana",-102.313499,21.882234
"Atta mexicana",-100.115316,25.615164
"Atta mexicana",-102.299149,21.968224
"Atta mexicana",-107.295953,24.66103
"Atta mexicana",-99.25766,18.954961
"Atta mexicana",-100.96138,22.090882
"Atta mexicana",-99.108548,18.711634
"Atta mexicana",-90.543471,14.582854
"Monalonion velezangeli",-87.006799,14.011745
"Atta mexicana",-101.214522,19.70625
"Atta mexicana",-105.231369,20.762042
"Leptoglossus zonatus",-109.578788,23.09025
"Atta mexicana",-107.385893,24.828298
"Atta mexicana",-98.282808,19.051455
"Atta mexicana",-106.728718,24.450938
"Atta mexicana",-93.273017,16.804392
"Atta mexicana",-102.296055,21.892878
"Leptoglossus zonatus",-85.350419,10.75412
"Atta mexicana",-99.202453,18.930887
"Atta mexicana",-113.019644,31.944063
"Leptoglossus zonatus",-78.450017,0.0138
"Atta mexicana",-96.991066,19.462013
"Atta mexicana",-96.664578,19.516577
"Atta mexicana",-101.18,19.696667
"Atta mexicana",-96.128773,15.759207
"Atta mexicana",-99.665161,20.885213
"Atta mexicana",-97.41792,20.961238
"Leptoglossus zonatus",-100.15358,25.424077
"Atta mexicana",-105.727268,22.585515
"Atta mexicana",-97.458855,18.330728
"Leptoglossus zonatus",-110.114311,23.734183
"Atta mexicana",-99.067183,18.990087
"Atta mexicana",-105.225332,20.653407
"Atta mexicana",-102.884121,21.165
"Atta mexicana",-100.309443,25.729326
"Leptoglossus zonatus",-106.846389,23.868333
"Atta mexicana",-99.495173,17.54363
"Heilipus lauri",-96.969729,19.176729
"Atta mexicana",-98.897712,18.93257
"Leptoglossus zonatus",-46.641935,-21.796727
"Leptoglossus zonatus",-98.866924,19.330375
"Atta mexicana",-106.610428,24.403331
"Leptoglossus zonatus",-99.812883,20.695425
"Leptoglossus zonatus",-98.067376,18.596381
"Atta mexicana",-105.68035,22.74399
"Atta mexicana",-89.807,13.524
"Atta mexicana",-97.40805,20.95777
"Atta mexicana",-89.67306,13.74472
"Atta mexicana",-93.76232,16.08926
"Atta mexicana",-96.87149,20.1878
"Atta mexicana",-101.34654,20.6784
"Atta mexicana",-98.95036,18.82495
"Atta mexicana",-93.105662,16.749153
"Leptoglossus zonatus",-87.002777,13.993333
"Atta mexicana",-102.258254,21.921799
"Atta mexicana",-103.599407,20.007862
"Anastrepha ludens",-87.010814,14.010259
"Atta mexicana",-104.90076,21.23793
"Atta mexicana",-96.25393,16.58009
"Atta mexicana",-90.25,15.5
"Atta mexicana",-90.19399,14.80161
"Atta mexicana",-96.94755,18.89839
"Atta mexicana",-99.50556,18.68167
"Atta mexicana",-106.41114,23.24184
"Atta mexicana",-89.20306,13.70861
"Atta mexicana",-89.9984,13.6878
"Atta mexicana",-99.23496,18.93038
"Atta mexicana",-102.792549,20.847422
"Atta mexicana",-100.10575,20.672221
"Leptoglossus zonatus",-106.441669,23.299074
"Atta mexicana",-100.21673,25.553588
"Leptoglossus zonatus",-93.008513,16.704322
"Atta mexicana",-100.264022,25.65853
"Atta mexicana",-100.406628,20.507415
"Atta mexicana",-102.278307,21.838222
"Atta mexicana",-107.450925,24.718828
"Atta mexicana",-89.55199,16.62443
"Atta mexicana",-98.18572,19.010424
"Leptoglossus zonatus",-54.602477,-20.469923
"Atta mexicana",-107.386172,24.826368
"Atta mexicana",-101.686097,20.675558
"Atta mexicana",-100.256321,25.661867
"Leptoglossus zonatus",-78.294185,-0.123565
"Atta mexicana",-100.338487,20.699838
"Atta mexicana",-99.235539,18.949278
"Atta mexicana",-101.622383,20.526395
"Atta mexicana",-96.3544,15.937322
"Atta mexicana",-99.253823,18.973138
"Atta mexicana",-89.32222,13.48833
"Atta mexicana",-89.241,13.689
"Atta mexicana",-96.66789,19.30101
"Atta mexicana",-90.73444,14.56111
"Atta mexicana",-89.247,13.669
"Leptoglossus zonatus",-99.509869,18.669665
"Heilipus lauri",-75.554604,6.259118
"Atta mexicana",-101.236944,19.698333
"Atta mexicana",-98.98122,18.902177
"Atta mexicana",-99.067183,18.990088
"Atta mexicana",-108.946945,27.016388
"Leptoglossus zonatus",-103.48906,25.516437
"Atta mexicana",-89.24,13.69
"Leptoglossus zonatus",-99.051921,19.469956
"Atta mexicana",-100.207825,25.634575
"Atta mexicana",-100.884148,20.215651
"Atta mexicana",-98.965833,18.925278
"Atta mexicana",-103.513917,20.728178
"Leptoglossus zonatus",-84.273435,10.012564
"Atta mexicana",-103.303138,20.735405
"Atta mexicana",-102.331732,21.985347
"Leptoglossus zonatus",-72.22427,7.8188
"Atta mexicana",-109.738335,28.575411
"Atta mexicana",-100.680645,21.264868
"Atta mexicana",-96.804071,19.122652
"Atta mexicana",-110.16703,29.14264
"Leptoglossus zonatus",-100.388115,20.52209
"Atta mexicana",-100.915013,19.964093
"Atta mexicana",-106.484865,23.303049
"Monalonion velezangeli",-74.048055,4.726427
"Leptoglossus zonatus",-84.106224,9.89363
"Atta mexicana",-101.127045,22.19452
"Leptoglossus zonatus",-84.031303,9.908171
"Leptoglossus zonatus",-48.009444,-16.075
"Atta mexicana",-106.433997,23.240181
"Atta mexicana",-96.121311,19.113111
"Atta mexicana",-106.693597,24.411747
"Atta mexicana",-96.128764,15.770956
"Heilipus lauri",-75.558545,6.167179
"Atta mexicana",-102.902494,21.186357
"Leptoglossus zonatus",-90.228852,14.132728
"Leptoglossus zonatus",-99.115463,18.810809
"Atta mexicana",-93.877009,16.32934
"Leptoglossus zonatus",-74.237925,-12.954177
"Atta mexicana",-104.391032,19.698494
"Atta mexicana",-97.864716,22.276579
"Atta mexicana",-96.126358,15.766312
"Atta mexicana",-112.8164,31.882187
"Atta mexicana",-103.42082,20.266878
"Atta mexicana",-92.253336,15.104722
"Atta mexicana",-99.044947,19.356275
"Atta mexicana",-98.978365,18.902052
"Atta mexicana",-98.178095,19.002881
"Atta mexicana",-103.297007,20.716918
"Atta mexicana",-105.856433,22.998744
"Atta mexicana",-104.399955,19.12391
"Leptoglossus zonatus",-105.499277,28.260136
"Heilipus lauri",-99.249741,18.975364
"Atta mexicana",-99.730087,20.949313
"Leptoglossus zonatus",-90.506538,14.635728
"Atta mexicana",-105.233147,20.60622
"Leptoglossus zonatus",-110.183578,23.342522
"Leptoglossus zonatus",-47.854168,-21.165333
"Atta mexicana",-101.147719,19.673045
"Atta mexicana",-100.682185,20.049649
"Atta mexicana",-102.287879,21.902939
"Atta mexicana",-106.053958,23.297372
"Atta mexicana",-97.580247,18.3263
"Atta mexicana",-100.16468,17.343778
"Atta mexicana",-100.725045,20.917792
"Coccus hesperidum",-58.3612,-34.6028
"Leptoglossus zonatus",-110.322535,24.25881
"Leptoglossus zonatus",-115.977905,30.664847
"Atta mexicana",-101.395307,20.686071
"Leptoglossus zonatus",-99.087953,19.34648
"Atta mexicana",-96.139704,15.907567
"Anastrepha ludens",-98.252778,26.004673
"Atta mexicana",-89.525679,13.88442
"Leptoglossus zonatus",-98.965791,18.925385
"Atta mexicana",-90.491172,14.605013
"Leptoglossus zonatus",-99.170836,20.424633
"Atta mexicana",-103.724152,19.279093
"Atta mexicana",-97.123044,18.837245
"Atta mexicana",-99.490547,18.930023
"Atta mexicana",-96.928406,19.508259
"Atta mexicana",-97.456998,20.953095
"Leptoglossus zonatus",-116.628469,31.864167
"Leptoglossus zonatus",-81.774205,8.253654
"Atta mexicana",-105.33213,20.512133
"Leptoglossus zonatus",-73.557204,5.641735
"Atta mexicana",-100.388603,20.599275
"Atta mexicana",-99.884743,20.38703
"Atta mexicana",-97.457472,18.33266
"Leptoglossus zonatus",-101.191666,19.672222
"Atta mexicana",-103.306109,20.72969
"Atta mexicana",-100.097344,25.711331
"Leptoglossus zonatus",-78.474897,-0.269348
"Atta mexicana",-103.359137,20.782079
"Atta mexicana",-100.352662,19.438922
"Atta mexicana",-100.651707,22.092573
"Atta mexicana",-103.349609,20.659699
"Atta mexicana",-101.165985,19.708233
"Leptoglossus zonatus",-105.471559,28.27307
"Atta mexicana",-98.820488,18.384754
"Atta mexicana",-101.665432,21.171028
"Leptoglossus zonatus",-100.134416,25.397499
"Atta mexicana",-93.443932,16.007235
"Atta mexicana",-100.306982,25.729919
"Leptoglossus zonatus",-109.765132,23.138368
"Atta mexicana",-105.207056,20.641688
"Atta mexicana",-100.315417,25.857411
"Atta mexicana",-97.832322,18.462272
"Atta mexicana",-100.994695,22.128437
"Atta mexicana",-101.235753,19.69909
"Atta mexicana",-101.155066,19.722619
"Atta mexicana",-92.935455,18.0676
"Leptoglossus zonatus",-38.570176,-10.69844
"Atta mexicana",-104.973083,20.314842
"Leptoglossus zonatus",-78.510791,-0.207985
"Atta mexicana",-105.399217,20.73782
"Atta mexicana",-98.874241,22.032032
"Atta mexicana",-98.064167,20.170481
"Atta mexicana",-100.359274,25.870571
"Atta mexicana",-92.629373,15.780446
"Atta mexicana",-89.368512,13.723357
"Atta mexicana",-100.373811,25.660393
"Leptoglossus zonatus",-98.963686,18.905366
"Atta mexicana",-110.36502,29.430867
"Atta mexicana",-98.200613,19.006011
"Atta mexicana",-103.982795,20.703083
"Atta mexicana",-96.912564,19.522914
"Leptoglossus zonatus",-99.363994,17.799281
"Atta mexicana",-105.236191,20.605557
"Atta mexicana",-107.358096,24.815723
"Coccus hesperidum",-107.385234,24.825459
"Atta mexicana",-97.48041,20.163085
"Leptoglossus zonatus",-80.977807,8.10385
"Atta mexicana",-110.816241,31.255061
"Atta mexicana",-101.18142,19.697353
"Atta mexicana",-112.855165,31.861463
"Aphis gossypii",-99.192678,19.314563
"Atta mexicana",-105.388245,20.746625
"Atta mexicana",-88.371717,14.117077
"Trioza anceps",-98.301139,19.04265
"Atta mexicana",-113.019884,31.943988
"Atta mexicana",-96.645915,16.303331
"Leptoglossus zonatus",-47.23088,-23.119314
"Atta mexicana",-102.208588,19.908923
"Atta mexicana",-101.195367,19.682194
"Atta mexicana",-102.816743,20.761037
"Atta mexicana",-106.429438,23.232413
"Leptoglossus zonatus",-96.727183,17.029381
"Leptoglossus zonatus",-60.693322,2.832733
"Atta mexicana",-101.209917,19.671292
"Atta mexicana",-102.600547,20.416042
"Atta mexicana",-110.871513,29.230838
"Atta mexicana",-106.597623,23.673715
"Atta mexicana",-99.816754,16.83516
"Trioza anceps",-99.174408,19.353537
"Atta mexicana",-101.22845,19.7197
"Atta mexicana",-99.053642,21.269367
"Atta mexicana",-101.682494,21.172731
"Atta mexicana",-99.230705,18.926962
"Atta mexicana",-101.248397,21.018917
"Atta mexicana",-100.36713,25.666783
"Atta mexicana",-87.005686,14.006682
"Leptoglossus zonatus",-85.733125,11.035961
"Atta mexicana",-106.440741,23.299205
"Atta mexicana",-88.225586,13.57216
"Atta mexicana",-100.728858,20.89912
"Atta mexicana",-100.204345,25.706061
"Leptoglossus zonatus",-89.260169,21.304157
"Leptoglossus zonatus",-75.593512,6.216967
"Atta mexicana",-106.634539,24.356525
"Atta mexicana",-100.684965,20.047424
"Atta mexicana",-96.127034,15.761983
"Atta mexicana",-92.003609,17.498629
"Leptoglossus zonatus",-100.388058,20.522024
"Leptoglossus zonatus",-100.0906,19.200962
"Atta mexicana",-90.733667,14.531517
"Atta mexicana",-90.491853,14.604163
"Atta mexicana",-109.802912,29.216137
"Monalonion velezangeli",-46.550672,-23.664554
"Atta mexicana",-96.638484,17.045318
"Atta mexicana",-99.330032,20.729731
"Atta mexicana",-96.175056,15.773973
"Atta mexicana",-101.011764,20.282129
"Atta mexicana",-97.185278,16.061122
"Leptoglossus zonatus",-86.176006,11.922883
"Atta mexicana",-100.668439,20.070211
"Atta mexicana",-96.888146,19.518072
"Atta mexicana",-101.215072,19.705212
"Atta mexicana",-98.240537,19.024266
"Atta mexicana",-100.684193,20.048592
"Atta mexicana",-101.198183,20.559843
"Leptoglossus zonatus",-83.926034,9.881214
"Atta mexicana",-103.268622,20.475426
"Atta mexicana",-99.068207,19.005808
"Atta mexicana",-110.137182,29.005557
"Atta mexicana",-98.974227,18.883695
"Atta mexicana",-99.099495,18.992025
"Leptoglossus zonatus",-98.992347,23.388542
"Atta mexicana",-103.239937,20.636457
"Atta mexicana",-101.235636,19.698665
"Atta mexicana",-105.291093,20.465946
"Leptoglossus zonatus",-72.934994,4.633185
"Atta mexicana",-99.7696,21.542253
"Atta mexicana",-102.433343,21.028384
"Atta mexicana",-100.353259,25.643815
"Atta mexicana",-103.379197,20.744592
"Leptoglossus zonatus",-101.188705,19.721823
"Atta mexicana",-100.724201,19.968742
"Leptoglossus zonatus",-78.458054,-0.001863
"Atta mexicana",-87.009964,14.007167
"Atta mexicana",-105.453735,20.488746
"Leptoglossus zonatus",-101.48563,21.038674
"Leptoglossus zonatus",-110.067969,24.045847
"Atta mexicana",-109.922167,27.443115
"Leptoglossus zonatus",-103.372097,20.224825
"Atta mexicana",-104.696456,24.023715
"Atta mexicana",-96.723747,17.066775
"Atta mexicana",-99.084744,18.988256
"Atta mexicana",-90.554535,14.585074
"Atta mexicana",-104.685481,24.023906
"Atta mexicana",-99.096761,18.979626
"Leptoglossus zonatus",-82.729837,9.613508
"Atta mexicana",-90.494012,14.618703
"Atta mexicana",-103.869308,18.906334
"Atta mexicana",-96.764005,17.051574
"Atta mexicana",-99.0673,18.989522
"Atta mexicana",-102.417337,21.884272
"Atta mexicana",-106.676255,24.422078
"Atta mexicana",-101.215013,19.685525
"Atta mexicana",-105.285238,20.680212
"Atta mexicana",-100.727404,20.941847
"Atta mexicana",-105.434504,20.483421
"Leptoglossus zonatus",-116.604663,31.804378
"Atta mexicana",-96.959463,19.144395
"Atta mexicana",-99.455971,18.914474
"Atta mexicana",-100.207161,25.646177
"Leptoglossus zonatus",-76.297237,3.537858
"Atta mexicana",-96.944244,19.513329
"Leptoglossus zonatus",-95.201422,18.445404
"Atta mexicana",-105.234367,20.608708
"Atta mexicana",-100.164688,25.637068
"Atta mexicana",-105.28848,20.70033
"Atta mexicana",-101.172593,19.687689
"Atta mexicana",-101.395137,20.687072
"Atta mexicana",-96.760607,17.108291
"Atta mexicana",-99.167911,23.06455
"Atta mexicana",-101.210892,19.69199
"Leptoglossus zonatus",-110.067888,24.045249
"Atta mexicana",-100.679253,20.051306
"Leptoglossus zonatus",-98.750925,18.704769
"Atta mexicana",-91.136758,14.520321
"Atta mexicana",-103.395365,20.736843
"Atta mexicana",-104.769076,21.499958
"Atta mexicana",-97.608917,19.91864
"Leptoglossus zonatus",-78.459217,-0.214283
"Atta mexicana",-99.880675,16.87047
"Leptoglossus zonatus",-99.193542,18.976378
"Atta mexicana",-105.003509,22.168655
"Leptoglossus zonatus",-99.096245,18.824672
"Atta mexicana",-96.639516,16.304554
"Atta mexicana",-106.886844,24.534044
"Leptoglossus zonatus",-102.655421,20.747721
"Atta mexicana",-103.210419,20.648922
"Leptoglossus zonatus",-87.194858,14.120034
"Atta mexicana",-112.880802,31.915932
"Atta mexicana",-105.447806,20.488047
"Atta mexicana",-110.945959,31.335176
"Atta mexicana",-103.47383,18.503406
"Atta mexicana",-103.732467,19.494903
"Atta mexicana",-112.815531,31.881524
"Atta mexicana",-102.294338,21.894105
"Leptoglossus zonatus",-99.146644,18.895925
"Leptoglossus zonatus",-89.983175,14.597107
"Atta mexicana",-106.694787,24.413567
"Leptoglossus zonatus",-111.436994,25.888334
"Atta mexicana",-100.443027,20.702344
"Atta mexicana",-111.724459,30.174005
"Atta mexicana",-103.415009,20.757191
"Atta mexicana",-100.273163,25.758737
"Atta mexicana",-107.289977,24.879709
"Atta mexicana",-101.681761,21.15786
"Leptoglossus zonatus",-47.808462,-21.206928
"Leptoglossus zonatus",-110.092728,24.097433
"Atta mexicana",-97.055443,15.850345
"Atta mexicana",-93.142207,16.757891
"Leptoglossus zonatus",-78.438969,-0.15775
"Atta mexicana",-101.216763,19.675713
"Atta mexicana",-103.300357,20.628801
"Leptoglossus zonatus",-100.971031,22.152391
"Atta mexicana",-97.315205,18.707974
"Leptoglossus zonatus",-100.475677,20.637627
"Trioza anceps",-104.464871,22.728904
"Leptoglossus zonatus",-75.573876,6.186616
"Atta mexicana",-113.020963,31.94343
"Atta mexicana",-100.679335,20.051168
"Atta mexicana",-106.865303,24.523628
"Atta mexicana",-103.263707,20.2997
"Atta mexicana",-102.222663,17.977495
"Trioza anceps",-100.692792,20.066107
"Atta mexicana",-104.645844,24.014162
"Atta mexicana",-103.190445,20.323442
"Atta mexicana",-101.327519,20.790035
"Atta mexicana",-100.961195,22.089219
"Atta mexicana",-101.179135,19.720925
"Atta mexicana",-100.998462,22.132135
"Atta mexicana",-90.552937,14.586185
"Leptoglossus zonatus",-98.981671,19.319795
"Leptoglossus zonatus",-101.166826,19.692743
"Atta mexicana",-99.22025,20.477502
"Leptoglossus zonatus",-87.010007,14.008777
"Atta mexicana",-113.017665,31.944509
"Atta mexicana",-100.234227,25.677157
"Atta mexicana",-102.322592,21.895953
"Atta mexicana",-101.969785,21.320106
"Atta mexicana",-98.865168,18.883109
"Leptoglossus zonatus",-78.456276,-0.050379
"Leptoglossus zonatus",-42.548155,-19.504895
"Leptoglossus zonatus",-101.226606,19.706346
"Atta mexicana",-99.231061,18.857931
"Atta mexicana",-102.412254,18.076921
"Leptoglossus zonatus",-98.892189,18.918236
"Atta mexicana",-102.978754,22.731256
"Atta mexicana",-105.223958,20.67198
"Atta mexicana",-96.137955,15.761589
"Atta mexicana",-107.385354,24.825205
"Atta mexicana",-103.410047,20.770932
"Atta mexicana",-103.392443,20.705017
"Atta mexicana",-99.296397,18.804285
"Atta mexicana",-112.815117,31.881405
"Atta mexicana",-106.42952,23.23257
"Atta mexicana",-96.72653,17.06859
"Atta mexicana",-99.204505,18.930713
"Atta mexicana",-103.309097,20.619988
"Anastrepha ludens",-84.210735,10.115922
"Atta mexicana",-96.390267,19.5305
"Atta mexicana",-99.4152,18.936297
"Atta mexicana",-101.039163,20.670023
"Atta mexicana",-96.164572,19.102715
"Atta mexicana",-87.304477,20.409096
"Leptoglossus zonatus",-86.990212,13.997045
"Atta mexicana",-96.8517,16.946199
"Leptoglossus zonatus",-103.407988,20.669818
"Trioza anceps",-99.190072,19.331262
"Atta mexicana",-106.117482,22.932393
"Leptoglossus zonatus",-89.215614,13.548175
"Atta mexicana",-103.512035,20.746786
"Atta mexicana",-100.264718,25.650317
"Atta mexicana",-103.389248,19.560076
"Leptoglossus zonatus",-89.635303,20.948401
"Atta mexicana",-103.513098,20.747725
"Atta mexicana",-104.595433,24.056004
"Atta mexicana",-94.741791,17.135988
"Leptoglossus zonatus",-84.113825,9.941687
"Atta mexicana",-106.375542,23.267046
"Atta mexicana",-104.32969,19.034014
"Atta mexicana",-98.160835,20.30349
"Atta mexicana",-87.04991,14.146167
"Atta mexicana",-95.040364,16.485402
"Atta mexicana",-103.190558,20.323217
"Atta mexicana",-92.713569,16.584263
"Atta mexicana",-100.723862,20.040194
"Atta mexicana",-100.341272,25.612853
"Atta mexicana",-99.893482,19.348206
"Atta mexicana",-105.231327,20.762095
"Atta mexicana",-105.436741,20.864865
"Leptoglossus zonatus",-82.45115,8.433687
"Atta mexicana",-106.799927,25.161329
"Atta mexicana",-101.186782,19.716488
"Atta mexicana",-98.136543,19.046523
"Atta mexicana",-103.105602,20.049847
"Leptoglossus zonatus",-105.492824,28.260683
"Atta mexicana",-104.683765,19.207147
"Leptoglossus zonatus",-74.843537,11.015119
"Atta mexicana",-103.315797,20.641528
"Atta mexicana",-99.482988,23.37308
"Atta mexicana",-105.293589,20.699574
"Atta mexicana",-102.28773,21.888792
"Atta mexicana",-99.317041,20.362494
"Atta mexicana",-103.003625,21.153484
"Atta mexicana",-103.460783,19.724285
"Atta mexicana",-101.270471,19.639775
"Atta mexicana",-90.820805,13.944955
"Leptoglossus zonatus",-78.429772,-0.213483
"Atta mexicana",-100.678703,20.039038
"Leptoglossus zonatus",-100.387968,20.52211
"Atta mexicana",-100.996789,19.640721
"Leptoglossus zonatus",-54.563672,-20.458055
"Atta mexicana",-100.276086,25.743964
"Atta mexicana",-102.283088,21.948845
"Atta mexicana",-103.357541,20.278583
"Leptoglossus zonatus",-99.150475,26.576805
"Atta mexicana",-100.264167,25.6585
"Leptoglossus zonatus",-96.464126,19.343745
"Atta mexicana",-106.925879,23.907152
"Atta mexicana",-100.852767,20.000682
"Atta mexicana",-100.375663,25.645442
"Leptoglossus zonatus",-97.873843,18.760832
"Leptoglossus zonatus",-103.499886,25.585436
"Leptoglossus zonatus",-96.653035,20.017386
"Atta mexicana",-102.782783,20.84717
"Atta mexicana",-103.374396,20.670715
"Atta mexicana",-101.061019,22.119554
"Atta mexicana",-98.225886,19.008264
"Bemisia tabaci",-87.981469,15.068572
"Leptoglossus zonatus",-100.388122,20.522077
"Leptoglossus zonatus",-47.947058,-18.179493
"Atta mexicana",-106.285306,23.795072
"Atta mexicana",-103.223075,20.327955
"Atta mexicana",-103.412072,20.63766
"Leptoglossus zonatus",-43.644169,-22.80625
"Atta mexicana",-98.437485,18.912931
"Atta mexicana",-96.129517,15.76841
"Leptoglossus zonatus",-103.501158,25.587136
"Atta mexicana",-100.394201,21.013381
"Atta mexicana",-103.192739,20.299938
"Atta mexicana",-96.138035,15.761699
"Leptoglossus zonatus",-43.028059,-22.945653
"Atta mexicana",-100.475517,20.637697
"Atta mexicana",-89.211505,13.663716
"Atta mexicana",-100.286338,25.783088
"Atta mexicana",-102.791101,20.845894
"Leptoglossus zonatus",-87.000275,13.993927
"Leptoglossus zonatus",-100.11613,25.762713
"Bemisia tabaci",-90.6,14.633333
"Atta mexicana",-105.088334,21.777866
"Atta mexicana",-110.952263,29.14888
"Atta mexicana",-105.347983,20.3426
"Atta mexicana",-96.890076,19.535854
"Atta mexicana",-103.237128,20.296333
"Atta mexicana",-100.376461,20.930675
"Atta mexicana",-101.181214,19.701775
"Atta mexicana",-106.833286,23.857817
"Atta mexicana",-102.195767,21.98023
"Atta mexicana",-100.387888,20.587908
"Atta mexicana",-104.670433,24.036028
"Atta mexicana",-102.024663,19.412881
"Atta mexicana",-102.249129,21.914109
"Atta mexicana",-99.160692,23.168305
"Leptoglossus zonatus",-86.167271,12.021546
"Leptoglossus zonatus",-75.5626,6.271981
"Atta mexicana",-106.839511,23.885007
"Atta mexicana",-99.266076,18.894727
"Atta mexicana",-96.276767,16.863672
"Atta mexicana",-98.215942,20.380284
"Atta mexicana",-103.315691,20.725515
"Atta mexicana",-103.514343,20.747322
"Atta mexicana",-105.226503,20.639938
"Atta mexicana",-97.903926,18.40155
"Atta mexicana",-99.214706,18.877653
"Leptoglossus zonatus",-98.302386,19.057664
"Atta mexicana",-106.597376,23.677727
"Atta mexicana",-100.206528,25.639748
"Leptoglossus zonatus",-100.448482,20.515625
"Leptoglossus zonatus",-98.883841,19.488925
"Atta mexicana",-100.293396,25.736136
"Atta mexicana",-101.32998,20.650253
"Atta mexicana",-98.478618,20.979087
"Atta mexicana",-97.406335,20.956115
"Atta mexicana",-105.440892,21.66022
"Leptoglossus zonatus",-87.000572,13.993347
"Atta mexicana",-99.979845,21.919328
"Atta mexicana",-101.187534,19.552499
"Atta mexicana",-102.195917,21.980153
"Anastrepha ludens",-87.007751,14.007545
"Leptoglossus zonatus",-100.825833,19.911111
"Atta mexicana",-99.905388,20.521165
"Leptoglossus zonatus",-73.497047,6.196362
"Aphis gossypii",-35.530094,-7.115488
"Atta mexicana",-98.604155,19.988962
"Atta mexicana",-100.679361,20.051061
"Atta mexicana",-100.685085,20.047623
"Atta mexicana",-99.23128,18.94423
"Atta mexicana",-101.182657,19.686357
"Atta mexicana",-102.744586,20.013543
"Atta mexicana",-99.241834,23.050698
"Atta mexicana",-96.162043,18.97302
"Atta mexicana",-100.794272,21.004464
"Atta mexicana",-96.516175,17.060492
"Atta mexicana",-103.460143,20.809886
"Atta mexicana",-99.523261,17.556641
"Leptoglossus zonatus",-100.315604,20.791284
"Leptoglossus zonatus",-100.3438,20.533188
"Atta mexicana",-100.4339,25.774572
"Atta mexicana",-101.41593,20.46995
"Atta mexicana",-102.331391,21.985297
"Atta mexicana",-101.226718,19.706488
"Atta mexicana",-101.922886,21.278779
"Leptoglossus zonatus",-102.848027,23.198677
"Atta mexicana",-100.444297,20.615235
"Atta mexicana",-101.138053,19.694876
"Bemisia tabaci",-86.353885,13.103327
"Atta mexicana",-104.850857,21.46906
"Atta mexicana",-101.247715,19.799747
"Bemisia tabaci",-84.067636,9.996348
"Leptoglossus zonatus",-103.237167,25.765312
"Atta mexicana",-103.477955,20.736322
"Atta mexicana",-100.425059,20.550486
"Atta mexicana",-101.027494,21.963142
"Leptoglossus zonatus",-78.408157,-0.210072
"Atta mexicana",-105.292457,20.465804
"Atta mexicana",-100.459731,25.97064
"Atta mexicana",-99.606428,18.569348
"Atta mexicana",-100.290717,25.737333
"Atta mexicana",-100.127753,19.233547
"Anastrepha ludens",-103.108593,20.054329
"Leptoglossus zonatus",-85.339515,10.344521
"Atta mexicana",-100.334815,25.72849
"Atta mexicana",-106.432034,23.232882
"Atta mexicana",-101.178213,19.687444
"Atta mexicana",-100.732391,20.917843
"Atta mexicana",-91.093055,19.021986
"Leptoglossus zonatus",-89.099718,17.31855
"Leptoglossus zonatus",-103.501155,25.587132
"Atta mexicana",-105.428017,20.882338
"Atta mexicana",-96.705825,16.95952
"Atta mexicana",-100.727724,20.919899
"Leptoglossus zonatus",-53.843867,-24.262281
"Atta mexicana",-104.352355,19.761397
"Atta mexicana",-96.729907,17.06844
"Atta mexicana",-96.721088,17.059009
"Atta mexicana",-90.736528,14.559953
"Atta mexicana",-97.096148,18.861271
"Atta mexicana",-98.660355,20.45303
"Atta mexicana",-93.018836,16.706445
"Atta mexicana",-101.143036,19.682225
"Atta mexicana",-96.919298,19.518685
"Atta mexicana",-105.292739,20.46715
"Leptoglossus zonatus",-80.854071,8.279779
"Leptoglossus zonatus",-103.501211,25.58719
"Atta mexicana",-105.270477,20.703762
"Atta mexicana",-100.124108,25.51952
"Atta mexicana",-96.165956,19.09985
"Leptoglossus zonatus",-76.410058,-0.48735
"Atta mexicana",-100.218989,25.692547
"Atta mexicana",-100.318543,21.143082
"Atta mexicana",-102.7875,21.89361
"Atta mexicana",-101.250697,19.689819
"Atta mexicana",-106.429453,23.232376
"Atta mexicana",-105.220826,20.636383
"Atta mexicana",-90.730356,14.566983
"Atta mexicana",-102.333253,21.865233
"Atta mexicana",-99.900938,16.849255
"Atta mexicana",-88.156403,13.440169
"Atta mexicana",-110.951675,29.146614
"Atta mexicana",-96.138004,15.76162
"Atta mexicana",-100.2052,25.639883
"Leptoglossus zonatus",-87.074828,14.035056
"Atta mexicana",-103.410807,20.773502
"Leptoglossus zonatus",-75.594264,6.25481
"Atta mexicana",-106.348611,23.909722
"Atta mexicana",-100.740697,20.922852
"Leptoglossus zonatus",-100.967575,22.095546
"Atta mexicana",-98.770973,20.056288
"Trioza anceps",-90.720105,14.537297
"Atta mexicana",-99.669365,18.799661
"Atta mexicana",-99.20762,18.914859
"Atta mexicana",-103.408131,20.721016
"Atta mexicana",-93.095356,16.828624
"Monalonion velezangeli",-74.100248,4.649807
"Atta mexicana",-100.831093,20.105856
"Atta mexicana",-99.222173,18.923448
"Atta mexicana",-106.723512,24.41097
"Leptoglossus zonatus",-78.36712,-0.157042
"Atta mexicana",-105.243435,21.039962
"Atta mexicana",-103.384976,20.739549
"Leptoglossus zonatus",-110.045717,23.263388
"Atta mexicana",-100.292737,25.736655
"Leptoglossus zonatus",-99.211228,20.054301
"Atta mexicana",-100.363422,25.63293
"Atta mexicana",-101.235538,19.698648
"Atta mexicana",-96.76811,17.043804
"Atta mexicana",-101.178582,19.687733
"Atta mexicana",-101.962294,21.333179
"Atta mexicana",-100.700755,19.95585
"Atta mexicana",-100.348309,25.689353
"Leptoglossus zonatus",-87.00514,14.013668
"Leptoglossus zonatus",-50.589126,-25.021341
"Atta mexicana",-104.709135,19.227484
"Atta mexicana",-103.433229,20.788616
"Atta mexicana",-96.721467,18.817059
"Leptoglossus zonatus",-75.040726,9.188899
"Atta mexicana",-99.195798,18.970354
"Atta mexicana",-100.745599,20.91726
"Leptoglossus zonatus",-80.469589,8.567552
"Atta mexicana",-102.28026,21.884632
"Leptoglossus zonatus",-87.013072,14.008625
"Atta mexicana",-100.2925,25.736389
"Atta mexicana",-109.177055,25.917542
"Atta mexicana",-100.316261,25.724531
"Atta mexicana",-100.326631,25.644676
"Aphis gossypii",-35.524987,-7.11735
"Atta mexicana",-94.039452,18.103948
"Atta mexicana",-106.322094,23.877261
"Leptoglossus zonatus",-97.534589,25.840007
"Atta mexicana",-112.815598,31.8815
"Leptoglossus zonatus",-78.455297,-0.001898
"Atta mexicana",-101.147111,19.894542
"Leptoglossus zonatus",-51.138473,-23.337986
"Anastrepha ludens",-98.2688,26.05246
"Atta mexicana",-101.697028,21.17965
"Atta mexicana",-97.320057,20.912563
"Atta mexicana",-101.181383,19.697804
"Atta mexicana",-99.191467,18.89137
"Atta mexicana",-101.236075,19.697526
"Atta mexicana",-105.271384,20.547154
"Atta mexicana",-102.097428,19.841367
"Atta mexicana",-106.432011,23.23321
"Leptoglossus zonatus",-78.399443,-0.234842
"Atta mexicana",-105.243807,20.6633
"Leptoglossus zonatus",-53.973906,-25.854655
"Atta mexicana",-102.826927,20.693796
"Atta mexicana",-105.917005,23.381595
"Atta mexicana",-108.614594,26.417632
"Atta mexicana",-96.963438,19.471205
"Atta mexicana",-90.546576,14.580634
"Atta mexicana",-87.032701,13.097101
"Leptoglossus zonatus",-86.979749,13.988668
"Atta mexicana",-100.679339,20.051183
"Atta mexicana",-101.245294,21.023157
"Atta mexicana",-99.206839,18.845833
"Leptoglossus zonatus",-99.135956,19.258956
"Atta mexicana",-97.14778,16.083841
"Atta mexicana",-103.24717,22.13845
"Atta mexicana",-101.011832,22.105372
"Atta mexicana",-99.918385,25.229583
"Leptoglossus zonatus",-78.947381,-2.875095
"Atta mexicana",-104.657249,21.474632
"Atta mexicana",-102.321169,21.911736
"Monalonion velezangeli",-74.143845,4.647376
"Bemisia tabaci",-68.071249,-16.535098
"Atta mexicana",-100.401789,22.606344
"Atta mexicana",-99.205528,18.94757
"Atta mexicana",-108.362041,27.345289
"Heilipus lauri",-75.737186,4.358604
"Atta mexicana",-103.460836,19.724152
"Trioza anceps",-99.194245,19.34478
"Leptoglossus zonatus",-80.036455,8.448187
"Atta mexicana",-100.878692,21.970497
"Leptoglossus zonatus",-48.347445,-15.712024
"Atta mexicana",-97.960648,21.090113
"Atta mexicana",-96.726259,17.068132
"Atta mexicana",-101.221399,19.685029
"Leptoglossus zonatus",-82.422717,8.600796
"Atta mexicana",-104.951135,21.510203
"Leptoglossus zonatus",-47.950272,-16.130685
"Atta mexicana",-104.857444,21.484054
"Atta mexicana",-100.139756,19.163553
"Leptoglossus zonatus",-100.207333,25.638957
"Leptoglossus zonatus",-101.525674,17.64482
"Atta mexicana",-103.415436,20.492481
"Atta mexicana",-100.111617,20.66655
"Atta mexicana",-102.331374,21.985275
"Atta mexicana",-86.996944,14.005556
"Atta mexicana",-98.556923,18.586501
"Atta mexicana",-105.861037,22.747636
"Atta mexicana",-102.262574,21.877796
"Leptoglossus zonatus",-104.050986,20.652737
"Atta mexicana",-103.415817,20.639878
"Atta mexicana",-100.234634,25.663605
"Atta mexicana",-96.137594,15.761553
"Atta mexicana",-86.98095,13.990138
"Atta mexicana",-100.180272,21.09024
"Atta mexicana",-103.442092,20.668713
"Atta mexicana",-106.43,23.2794
"Atta mexicana",-101.226695,19.706419
"Atta mexicana",-102.782368,20.847435
"Atta mexicana",-98.000025,20.198148
"Atta mexicana",-102.783041,20.84809
"Atta mexicana",-89.035335,13.684824
"Atta mexicana",-97.332658,21.013281
"Atta mexicana",-103.30942,20.741088
"Atta mexicana",-110.951393,29.145426
"Atta mexicana",-103.472348,20.788835
"Atta mexicana",-100.183912,20.486788
"Leptoglossus zonatus",-100.413538,20.571157
"Atta mexicana",-104.332162,19.112908
"Atta mexicana",-101.185341,19.724384
"Leptoglossus zonatus",-80.469356,8.567497
"Atta mexicana",-99.579727,20.485775
"Atta mexicana",-96.915573,19.525385
"Atta mexicana",-110.877865,31.336254
"Atta mexicana",-97.802304,17.825745
"Atta mexicana",-100.737122,20.913997
"Atta mexicana",-102.979599,21.136808
"Atta mexicana",-104.038054,20.19067
"Atta mexicana",-100.32569,25.676316
"Atta mexicana",-105.255045,20.562242
"Atta mexicana",-103.372823,20.680846
"Atta mexicana",-100.728592,20.918913
"Atta mexicana",-99.164444,20.423611
"Atta mexicana",-102.660209,20.752374
"Atta mexicana",-100.259635,25.592623
"Atta mexicana",-102.305669,21.917043
"Leptoglossus zonatus",-73.697762,3.531505
"Leptoglossus zonatus",-86.978897,13.987574
"Leptoglossus zonatus",-80.214731,8.563338
"Leptoglossus zonatus",-40.048266,-14.444996
"Anastrepha ludens",-89.619106,20.976653
"Atta mexicana",-97.046734,15.843673
"Atta mexicana",-99.107108,18.963029
"Atta mexicana",-105.019096,20.828489
"Atta mexicana",-97.949518,21.097499
"Atta mexicana",-96.721903,17.068837
"Atta mexicana",-101.13724,19.693026
"Atta mexicana",-97.41432,17.092186
"Atta mexicana",-101.503419,21.014657
"Atta mexicana",-97.580932,20.018802
"Atta mexicana",-96.71553,17.08774
"Leptoglossus zonatus",-88.620905,14.564889
"Atta mexicana",-100.895957,22.093321
"Atta mexicana",-100.450777,20.554801
"Atta mexicana",-105.238233,20.645742
"Atta mexicana",-103.381378,20.76107
"Leptoglossus zonatus",-51.967658,-23.393167
"Atta mexicana",-99.10045,18.991326
"Atta mexicana",-100.732925,20.917945
"Leptoglossus zonatus",-110.186837,23.354324
"Atta mexicana",-87.009876,14.007444
"Atta mexicana",-100.473009,20.744028
"Atta mexicana",-105.21595,20.664074
"Leptoglossus zonatus",-78.52035,-0.387024
"Anastrepha ludens",-99.093672,19.879792
"Atta mexicana",-105.904942,22.766526
"Leptoglossus zonatus",-84.10497,10.008289
"Leptoglossus zonatus",-80.036599,8.448203
"Atta mexicana",-87.001537,14.008598
"Atta mexicana",-102.294275,21.894099
"Atta mexicana",-96.915245,19.523445
"Trioza anceps",-99.200508,19.345303
"Bemisia tabaci",-97.841277,19.007756
"Atta mexicana",-96.540414,19.182275
"Atta mexicana",-96.423212,19.054225
"Atta mexicana",-96.97526,19.586845
"Leptoglossus zonatus",-75.058746,9.074013
"Atta mexicana",-113.019142,31.944155
"Atta mexicana",-102.280049,21.884516
"Leptoglossus zonatus",-73.522581,5.646923
"Atta mexicana",-99.183819,18.94184
"Atta mexicana",-96.721961,17.065591
"Atta mexicana",-103.39316,20.760574
"Atta mexicana",-96.06274,15.809064
"Atta mexicana",-96.626371,17.053353
"Atta mexicana",-100.310433,25.805415
"Leptoglossus zonatus",-48.144768,-17.716368
"Atta mexicana",-93.102994,16.751593
"Leptoglossus zonatus",-87.004127,14.013641
"Atta mexicana",-100.388013,20.522144
"Atta mexicana",-96.063919,15.782632
"Leptoglossus zonatus",-104.78563,19.27158
"Atta mexicana",-100.187889,21.086329
"Atta mexicana",-100.226022,25.430855
"Atta mexicana",-87.078186,20.656088
"Leptoglossus zonatus",-99.150461,26.576802
"Atta mexicana",-102.806906,20.519594
"Atta mexicana",-103.979192,20.697221
"Atta mexicana",-103.722595,20.842495
"Atta mexicana",-103.52191,20.611286
"Atta mexicana",-99.414496,18.463067
"Atta mexicana",-101.180749,19.695718
"Atta mexicana",-97.399103,17.875617
"Anastrepha ludens",-116.991916,32.527969
"Atta mexicana",-99.082414,18.986518
"Leptoglossus zonatus",-103.454232,25.598318
"Atta mexicana",-109.676831,29.820684
"Leptoglossus zonatus",-81.326725,8.008027
"Atta mexicana",-97.192434,17.852422
"Leptoglossus zonatus",-99.678632,18.797966
"Atta mexicana",-96.893003,19.513788
"Atta mexicana",-101.173832,19.716312
"Atta mexicana",-103.956159,20.586367
"Atta mexicana",-100.664039,20.174195
"Heilipus lauri",-76.204545,3.934522
"Atta mexicana",-100.035684,21.363244
"Atta mexicana",-99.082976,18.985492
"Leptoglossus zonatus",-99.80478,20.687515
"Atta mexicana",-101.083086,19.736412
"Atta mexicana",-99.26799,20.495945
"Atta mexicana",-100.448495,20.590617
"Atta mexicana",-106.483958,23.30554
"Leptoglossus zonatus",-78.405845,-0.214861
"Leptoglossus zonatus",-45.44268,-21.189323
"Atta mexicana",-100.166875,25.433875
"Atta mexicana",-97.445345,21.281061
"Atta mexicana",-103.460815,19.724139
"Atta mexicana",-93.158066,17.124107
"Atta mexicana",-96.884802,17.203284
"Atta mexicana",-104.679094,19.210746
"Atta mexicana",-109.147217,25.927965
"Leptoglossus zonatus",-100.388796,20.514161
"Atta mexicana",-100.493611,20.626111
"Atta mexicana",-101.262367,21.010366
"Atta mexicana",-96.717033,17.012864
"Atta mexicana",-99.205545,20.253357
"Atta mexicana",-106.483657,23.303411
"Atta mexicana",-101.226716,19.706409
"Atta mexicana",-105.290978,20.466119
"Atta mexicana",-105.302013,21.026008
"Atta mexicana",-102.230431,17.982481
"Leptoglossus zonatus",-103.501183,25.587301
"Leptoglossus zonatus",-100.508766,26.541544
"Atta mexicana",-102.058075,19.395347
"Atta mexicana",-101.175759,19.717514
"Atta mexicana",-97.073103,18.845821
"Leptoglossus zonatus",-75.594084,6.217132
"Leptoglossus zonatus",-98.595405,19.452843
"Atta mexicana",-102.259003,21.86635
"Monalonion velezangeli",-74.056765,4.674812
"Atta mexicana",-101.813848,21.806484
"Atta mexicana",-100.428422,20.584138
"Trioza anceps",-100.69281,20.066254
"Leptoglossus zonatus",-100.290901,25.960228
"Atta mexicana",-100.367272,20.558758
"Leptoglossus zonatus",-100.0414,24.779
"Atta mexicana",-103.316244,20.728423
"Leptoglossus zonatus",-102.655186,20.747044
"Atta mexicana",-99.582,21.3959
"Atta mexicana",-101.180862,19.698422
"Heilipus lauri",-75.638498,6.276395
"Atta mexicana",-100.369674,25.657343
"Atta mexicana",-104.578722,23.074222
"Atta mexicana",-100.743507,20.923143
"Atta mexicana",-105.241697,20.647097
"Trioza anceps",-98.434158,18.886042
"Leptoglossus zonatus",-96.641593,16.30184
"Atta mexicana",-101.22747,19.681231
"Leptoglossus zonatus",-43.159308,-22.464559
"Atta mexicana",-98.134103,18.94367
"Leptoglossus zonatus",-104.043446,20.637282
"Leptoglossus zonatus",-46.670575,-23.555086
"Atta mexicana",-102.280912,21.885327
"Leptoglossus zonatus",-98.997892,21.390668
"Leptoglossus zonatus",-100.388186,20.521835
"Atta mexicana",-103.408084,20.669826
"Atta mexicana",-97.72613,19.979555
"Leptoglossus zonatus",-97.485434,18.549762
"Atta mexicana",-102.928601,20.409331
"Atta mexicana",-97.320647,20.474453
"Atta mexicana",-99.233908,18.980812
"Atta mexicana",-102.274406,22.150116
"Atta mexicana",-96.919674,19.547939
"Leptoglossus zonatus",-84.025112,9.904758
"Leptoglossus zonatus",-99.149422,26.583875
"Atta mexicana",-101.131892,20.215542
"Leptoglossus zonatus",-99.128143,19.514624
"Leptoglossus zonatus",-71.904409,5.875361
"Atta mexicana",-103.515532,20.7456
"Atta mexicana",-103.335568,20.711975
"Atta mexicana",-97.304378,18.727299
"Atta mexicana",-102.379478,21.094075
"Trioza anceps",-99.127205,19.245715
"Atta mexicana",-101.770087,19.905776
"Atta mexicana",-92.285142,14.875392
"Atta mexicana",-102.777003,20.812647
"Atta mexicana",-110.948281,29.018544
"Atta mexicana",-102.202198,22.00068
"Atta mexicana",-97.904925,18.969185
"Atta mexicana",-99.239774,23.055121
"Atta mexicana",-104.850624,21.48482
"Atta mexicana",-98.917421,18.858838
"Atta mexicana",-95.797495,18.36513
"Heliothrips haemorrhoidalis",-116.66803,31.864155
"Atta mexicana",-99.121082,18.985472
"Leptoglossus zonatus",-100.888214,21.168323
"Leptoglossus zonatus",-111.343631,25.797695
"Atta mexicana",-103.386297,20.645155
"Atta mexicana",-96.727495,17.070553
"Leptoglossus zonatus",-80.035143,8.451029
"Saissetia miranda",-99.162027,19.35526
"Atta mexicana",-96.910181,19.543775
"Atta mexicana",-105.243962,20.584583
"Atta mexicana",-100.336344,25.80191
"Leptoglossus zonatus",-47.836766,-15.873447
"Atta mexicana",-103.312158,20.64001
"Atta mexicana",-103.513243,20.742302
"Atta mexicana",-105.240845,20.589613
"Atta mexicana",-99.897562,16.859038
"Atta mexicana",-96.129494,15.768392
"Atta mexicana",-90.483345,14.511078
"Atta mexicana",-101.653279,21.177002
"Atta mexicana",-100.395462,21.542506
"Atta mexicana",-100.450659,20.696203
"Leptoglossus zonatus",-84.81955,10.313203
"Atta mexicana",-98.441597,18.851216
"Leptoglossus zonatus",-84.203712,10.012683
"Leptoglossus zonatus",-101.194781,19.711659
"Atta mexicana",-102.282142,21.889861
"Atta mexicana",-101.254437,21.014656
"Atta mexicana",-110.969633,30.629547
"Leptoglossus zonatus",-100.388177,20.522634
"Atta mexicana",-99.236077,18.940196
"Atta mexicana",-98.935421,18.54519
"Atta mexicana",-92.020211,15.718737
"Atta mexicana",-104.018455,20.665753
"Atta mexicana",-100.371039,21.542692
"Atta mexicana",-87.162277,14.083755
"Atta mexicana",-97.877961,22.468314
"Atta mexicana",-100.729408,20.9193
"Atta mexicana",-100.985541,22.15647
"Leptoglossus zonatus",-101.238168,19.651018
"Atta mexicana",-101.248157,19.681899
"Atta mexicana",-100.857697,21.122003
"Atta mexicana",-100.260078,25.764497
"Atta mexicana",-102.994916,21.153197
"Leptoglossus zonatus",-78.480761,-0.136952
"Atta mexicana",-102.252067,21.874522
"Atta mexicana",-100.38805,20.593309
"Atta mexicana",-100.747269,20.907764
"Atta mexicana",-90.499038,14.591655
"Leptoglossus zonatus",-86.990325,13.997202
"Atta mexicana",-105.292404,20.689982
"Atta mexicana",-103.341338,20.680437
"Atta mexicana",-104.891912,21.481433
"Atta mexicana",-107.381433,24.796548
"Atta mexicana",-90.544634,14.596903
"Atta mexicana",-98.161674,21.340491
"Atta mexicana",-105.198013,20.658788
"Atta mexicana",-103.289736,20.614553
"Atta mexicana",-101.230958,19.718878
"Leptoglossus zonatus",-99.150067,26.579252
"Leptoglossus zonatus",-102.071522,26.983203
"Atta mexicana",-100.316372,25.724246
"Atta mexicana",-103.351668,20.691188
"Atta mexicana",-97.014648,19.423883
"Atta mexicana",-106.443604,23.299497
"Atta mexicana",-97.402065,20.951994
"Atta mexicana",-96.713947,17.098639
"Atta mexicana",-103.982955,20.703092
"Leptoglossus zonatus",-84.188675,9.984502
"Atta mexicana",-96.959451,19.452085
"Atta mexicana",-101.178146,19.701429
"Atta mexicana",-101.203469,19.697699
"Atta mexicana",-100.076934,21.338762
"Atta mexicana",-101.229351,19.648275
"Atta mexicana",-100.448194,25.703577
"Leptoglossus zonatus",-71.502576,-16.403431
"Atta mexicana",-109.167006,25.915664
"Leptoglossus zonatus",-106.860409,23.915281
"Atta mexicana",-100.206211,25.632662
"Leptoglossus zonatus",-75.513549,6.377623
"Atta mexicana",-105.370853,20.764237
"Trioza anceps",-99.106285,19.25503
"Atta mexicana",-107.270519,24.86985
"Atta mexicana",-103.315615,20.725664
"Leptoglossus zonatus",-75.593896,6.217019
"Leptoglossus zonatus",-105.492347,28.260904
"Atta mexicana",-106.438683,23.237392
"Leptoglossus zonatus",-89.658234,20.898066
"Atta mexicana",-111.116557,30.171838
"Atta mexicana",-96.932755,19.517885
"Leptoglossus zonatus",-86.990427,13.996676
"Atta mexicana",-96.718954,17.072586
"Atta mexicana",-102.311819,21.856783
"Atta mexicana",-100.460353,20.622961
"Atta mexicana",-101.686116,21.123266
"Leptoglossus zonatus",-99.410298,18.73479
"Atta mexicana",-99.880614,20.523935
"Atta mexicana",-96.721847,17.001271
"Leptoglossus zonatus",-103.626689,19.086557
"Atta mexicana",-105.918627,23.378182
"Atta mexicana",-100.388055,20.52198
"Leptoglossus zonatus",-76.533562,3.389264
"Atta mexicana",-100.399466,22.618776
"Atta mexicana",-102.253105,21.843532
"Heilipus lauri",-75.481163,6.294247
"Atta mexicana",-96.817741,19.054762
"Atta mexicana",-105.258864,20.550647
"Atta mexicana",-103.409464,20.669976
"Atta mexicana",-100.257862,25.599271
"Atta mexicana",-101.619975,21.097281
"Atta mexicana",-106.691537,24.413637
"Leptoglossus zonatus",-104.629097,24.053265
"Atta mexicana",-104.985089,21.267141
"Atta mexicana",-100.30655,25.750247
"Atta mexicana",-99.674995,18.859188
"Atta mexicana",-103.337197,20.676297
"Atta mexicana",-100.122425,19.201963
"Atta mexicana",-100.313107,20.681609
"Atta mexicana",-107.53525,25.018957
"Leptoglossus zonatus",-99.055749,19.592173
"Trioza anceps",-98.80549,19.501723
"Atta mexicana",-103.524154,20.71704
"Atta mexicana",-103.371596,20.723687
"Leptoglossus zonatus",-99.126955,19.287212
"Atta mexicana",-102.681167,21.87418
"Leptoglossus zonatus",-104.929354,21.437981
"Leptoglossus zonatus",-78.456647,-0.00662
"Atta mexicana",-99.224482,18.944441
"Atta mexicana",-105.272446,20.546653
"Atta mexicana",-96.706924,19.351203
"Atta mexicana",-100.11741,19.042715
"Atta mexicana",-96.707043,19.351224
"Atta mexicana",-96.851451,19.466452
"Atta mexicana",-102.982435,21.13952
"Leptoglossus zonatus",-89.284779,20.738676
"Atta mexicana",-106.471655,23.283103
"Atta mexicana",-102.058289,19.394534
"Atta mexicana",-96.917138,19.5116
"Atta mexicana",-106.430612,23.232478
"Leptoglossus zonatus",-89.256358,13.658313
"Atta mexicana",-101.157358,19.680147
"Atta mexicana",-100.693245,20.069992
"Leptoglossus zonatus",-99.250687,18.977572
"Atta mexicana",-100.749283,20.911517
"Atta mexicana",-105.240765,20.652541
"Atta mexicana",-99.545346,18.347089
"Atta mexicana",-96.0656,15.782133
"Atta mexicana",-100.369171,25.647345
"Atta mexicana",-96.134486,15.75912
"Atta mexicana",-100.264555,25.658525
"Atta mexicana",-99.560975,22.891984
"Leptoglossus zonatus",-43.886463,-20.731204
"Leptoglossus zonatus",-100.475494,20.637743
"Atta mexicana",-100.443779,20.700827
"Leptoglossus zonatus",-42.035958,-12.860979
"Atta mexicana",-100.374515,25.789971
"Atta mexicana",-110.952212,29.146914
"Leptoglossus zonatus",-103.430288,20.464215
"Leptoglossus zonatus",-81.318771,8.015282
"Atta mexicana",-103.457,19.688417
"Atta mexicana",-100.683906,20.048621
"Atta mexicana",-103.193025,20.291
"Atta mexicana",-102.757522,20.80793
"Leptoglossus zonatus",-96.639089,16.305753
"Atta mexicana",-106.712022,24.40573
"Atta mexicana",-89.125648,13.693095
"Atta mexicana",-99.082904,18.985388
"Atta mexicana",-102.280418,21.889141
"Atta mexicana",-101.181143,19.697801
"Atta mexicana",-101.156416,19.649463
"Atta mexicana",-98.958918,21.984118
"Leptoglossus zonatus",-105.493991,28.263321
"Atta mexicana",-100.954803,21.156892
"Atta mexicana",-100.448443,20.738759
"Atta mexicana",-96.073375,15.787864
"Leptoglossus zonatus",-104.79295,21.473868
"Atta mexicana",-102.26957,21.894638
"Atta mexicana",-99.238304,18.980638
"Atta mexicana",-98.202629,19.040698
"Atta mexicana",-98.192347,18.998284
"Atta mexicana",-101.182923,19.703254
"Trioza anceps",-99.220437,19.399292
"Leptoglossus zonatus",-84.049808,9.957368
"Atta mexicana",-94.995003,16.621944
"Atta mexicana",-86.988563,13.987797
"Atta mexicana",-101.177358,19.68745
"Atta mexicana",-101.220742,19.703458
"Atta mexicana",-102.781578,20.846937
"Bemisia tabaci",-100.262304,25.647872
"Leptoglossus zonatus",-73.522683,5.64717
"Leptoglossus zonatus",-103.501127,25.587269
"Atta mexicana",-100.273538,25.729698
"Leptoglossus zonatus",-106.610008,24.403583
"Atta mexicana",-101.307222,19.588333
"Atta mexicana",-90.549313,14.633803
"Leptoglossus zonatus",-35.556526,-8.197979
"Atta mexicana",-97.076078,18.134825
"Bemisia tabaci",-100.265924,25.647247
"Atta mexicana",-96.716716,17.087611
"Atta mexicana",-96.095806,19.073909
"Leptoglossus zonatus",-47.910588,-22.030174
"Leptoglossus zonatus",-101.152794,19.677063
"Leptoglossus zonatus",-111.015236,27.964995
"Atta mexicana",-100.221008,25.676847
"Atta mexicana",-101.621912,21.117358
"Atta mexicana",-105.466148,20.805238
"Atta mexicana",-101.221015,19.686757
"Leptoglossus zonatus",-103.289335,20.727842
"Leptoglossus zonatus",-78.946462,-2.876388
"Atta mexicana",-105.439209,20.867406
"Leptoglossus zonatus",-47.343532,-22.569793
"Atta mexicana",-101.329258,20.719864
"Atta mexicana",-96.727824,17.021623
"Atta mexicana",-101.929101,21.363491
"Atta mexicana",-103.190645,20.323153
"Atta mexicana",-97.353925,20.966775
"Atta mexicana",-105.389977,20.470386
"Atta mexicana",-102.301407,21.888992
"Atta mexicana",-100.445211,20.695617
"Atta mexicana",-98.602449,17.574278
"Atta mexicana",-100.292764,25.736412
"Atta mexicana",-106.442051,23.300717
"Atta mexicana",-90.476538,14.446641
"Atta mexicana",-103.975231,20.702096
"Leptoglossus zonatus",-99.170878,20.424703
"Atta mexicana",-101.593027,21.105766
"Atta mexicana",-87.162508,14.084703
"Atta mexicana",-90.492363,14.6038
"Atta mexicana",-106.880669,24.523155
"Trioza anceps",-99.246796,19.525937
"Atta mexicana",-97.073372,18.84467
"Atta mexicana",-105.19444,21.496088
"Atta mexicana",-100.475509,20.637708
"Atta mexicana",-97.48306,18.32122
"Atta mexicana",-98.465848,18.615551
"Atta mexicana",-100.480194,25.932292
"Leptoglossus zonatus",-76.144967,8.147204
"Leptoglossus zonatus",-47.977812,-16.083375
"Leptoglossus zonatus",-35.341688,-8.005183
"Atta mexicana",-101.45834,28.752596
"Atta mexicana",-99.542107,24.795546
"Atta mexicana",-110.877033,31.249282
"Atta mexicana",-100.277014,25.677868
"Leptoglossus zonatus",-87.00594,14.013149
"Atta mexicana",-99.082316,18.986853
"Atta mexicana",-101.177986,19.700716
"Atta mexicana",-87.122275,14.700867
"Leptoglossus zonatus",-99.095014,19.290428
"Atta mexicana",-99.153083,18.481112
"Leptoglossus zonatus",-110.252681,23.495441
"Leptoglossus zonatus",-87.004967,14.013158
"Leptoglossus zonatus",-85.443671,10.62674
"Atta mexicana",-103.995048,20.901477
"Leptoglossus zonatus",-54.454701,-25.683187
"Atta mexicana",-96.767866,17.044658
"Atta mexicana",-100.316071,25.724329
"Atta mexicana",-100.360104,25.632204
"Atta mexicana",-103.498471,20.61379
"Atta mexicana",-100.15498,25.860092
"Atta mexicana",-97.45949,20.53578
"Atta mexicana",-103.781545,21.829709
"Atta mexicana",-101.13051,19.649984
"Atta mexicana",-89.091087,13.745582
"Atta mexicana",-99.161554,18.908212
"Atta mexicana",-106.430017,23.23288
"Leptoglossus zonatus",-86.001558,13.096919
"Atta mexicana",-99.185055,18.839134
"Atta mexicana",-103.31125,20.783392
"Atta mexicana",-97.323469,20.953721
"Atta mexicana",-103.3424,20.607589
"Atta mexicana",-99.199521,18.917625
"Atta mexicana",-101.690874,21.167692
"Atta mexicana",-101.242212,21.002742
"Atta mexicana",-90.571618,14.5248
"Atta mexicana",-99.249875,18.97711
"Leptoglossus zonatus",-104.794297,19.240347
"Atta mexicana",-105.37092,20.762878
"Atta mexicana",-99.474595,21.218161
"Atta mexicana",-101.334397,20.719687
"Atta mexicana",-102.781888,20.359803
"Atta mexicana",-104.86468,24.877389
"Atta mexicana",-100.239997,25.7592
"Leptoglossus zonatus",-84.613035,9.756013
"Leptoglossus zonatus",-99.131949,19.251352
"Leptoglossus zonatus",-109.95866,22.893991
"Atta mexicana",-105.255089,20.562236
"Atta mexicana",-109.010399,27.039223
"Leptoglossus zonatus",-101.163039,19.700479
"Atta mexicana",-104.694683,24.024014
"Atta mexicana",-99.250343,18.940073
"Atta mexicana",-97.478294,20.822193
"Atta mexicana",-99.740903,21.037978
"Atta mexicana",-96.256143,19.171362
"Atta mexicana",-100.235353,25.697442
"Atta mexicana",-100.408542,25.673587
"Trioza anceps",-97.736693,18.397486
"Atta mexicana",-99.121948,18.911349
"Atta mexicana",-94.741751,17.136024
"Atta mexicana",-104.892303,21.518787
"Atta mexicana",-105.312797,20.73433
"Atta mexicana",-103.519863,20.720845
"Leptoglossus zonatus",-100.269661,25.54989
"Atta mexicana",-110.955411,29.127372
"Atta mexicana",-105.385917,20.746645
"Atta mexicana",-101.171312,20.603963
"Atta mexicana",-98.966111,18.925278
"Atta mexicana",-102.261945,21.8655
"Atta mexicana",-104.822937,20.37285
"Atta mexicana",-101.220761,19.687355
"Atta mexicana",-100.369417,25.664962
"Atta mexicana",-99.741209,25.474459
"Anastrepha ludens",-87.009775,14.008833
"Atta mexicana",-106.41727,23.221469
"Atta mexicana",-106.277446,23.124251
"Atta mexicana",-96.869943,19.507853
"Atta mexicana",-103.460875,19.724011
"Atta mexicana",-97.367569,20.948228
"Atta mexicana",-96.679619,16.848889
"Atta mexicana",-103.316195,20.729074
"Atta mexicana",-103.725542,19.281067
"Atta mexicana",-101.180698,19.700117
"Leptoglossus zonatus",-46.670616,-23.555067
"Leptoglossus zonatus",-74.932482,5.324922
"Atta mexicana",-106.66594,24.382385
"Atta mexicana",-99.196061,18.970316
"Atta mexicana",-103.778782,21.834801
"Atta mexicana",-101.967645,21.379018
"Atta mexicana",-105.23969,20.641842
"Atta mexicana",-101.374517,20.986208
"Atta mexicana",-100.656779,22.327602
"Atta mexicana",-99.901222,16.861183
"Leptoglossus zonatus",-87.005433,14.013381
"Atta mexicana",-103.510401,20.74617
"Atta mexicana",-98.188376,19.026248
"Atta mexicana",-99.237917,18.93411
"Atta mexicana",-102.227931,21.9047
"Atta mexicana",-103.409277,20.669924
"Atta mexicana",-98.959038,18.792636
"Atta mexicana",-101.227999,19.648617
"Atta mexicana",-93.338272,16.21509
"Leptoglossus zonatus",-101.749067,21.110102
"Atta mexicana",-103.339067,20.585597
"Atta mexicana",-100.286888,25.652217
"Atta mexicana",-99.229597,18.793272
"Atta mexicana",-89.189705,13.71802
"Atta mexicana",-98.992622,18.728419
"Atta mexicana",-100.776797,20.910461
"Atta mexicana",-99.710224,21.172305
"Atta mexicana",-110.926763,29.070986
"Leptoglossus zonatus",-75.604155,6.263666
"Leptoglossus zonatus",-75.538682,6.247939
"Coccus hesperidum",-53.727747,-29.719836
"Atta mexicana",-98.412216,21.13679
"Leptoglossus zonatus",-101.539326,17.62361
"Atta mexicana",-101.333229,20.75344
"Atta mexicana",-101.200308,19.673378
"Leptoglossus zonatus",-104.009958,20.726885
"Atta mexicana",-103.371978,20.519373
"Leptoglossus zonatus",-103.98285,20.703147
"Atta mexicana",-100.207283,25.639168
"Atta mexicana",-96.639042,16.305591
"Leptoglossus zonatus",-86.979722,13.988047
"Atta mexicana",-100.447291,20.69014
"Atta mexicana",-96.723655,17.066017
"Atta mexicana",-99.561785,24.863949
"Atta mexicana",-102.332588,21.985755
"Leptoglossus zonatus",-71.618778,-16.30365
"Leptoglossus zonatus",-78.487421,-0.231213
"Atta mexicana",-101.208855,19.659475
"Atta mexicana",-101.183383,19.68532
"Atta mexicana",-97.076514,15.916475
"Atta mexicana",-101.20115,19.679418
"Atta mexicana",-98.125287,19.057222
"Leptoglossus zonatus",-89.60665,21.124242
"Leptoglossus zonatus",-99.803966,20.685681
"Leptoglossus zonatus",-92.921977,17.929344
"Atta mexicana",-106.44083,23.303661
"Atta mexicana",-100.264371,25.647944
"Atta mexicana",-99.221767,18.956315
"Leptoglossus zonatus",-103.585276,25.490685
"Atta mexicana",-105.758117,22.554991
"Atta mexicana",-100.382903,20.604253
"Atta mexicana",-103.573047,20.652194
"Atta mexicana",-104.708753,19.225653
"Leptoglossus zonatus",-89.652689,21.031631
"Atta mexicana",-113.018521,31.944174
"Atta mexicana",-101.13676,19.69339
"Leptoglossus zonatus",-105.471618,28.27319
"Atta mexicana",-100.271672,25.73116
"Atta mexicana",-97.581103,18.461115
"Atta mexicana",-110.884537,29.185053
"Leptoglossus zonatus",-103.454523,25.598391
"Atta mexicana",-104.264772,19.126264
"Atta mexicana",-100.0806,20.391509
"Atta mexicana",-100.714176,20.055202
"Atta mexicana",-96.168404,15.756453
"Anastrepha ludens",-116.994545,32.481413
"Leptoglossus zonatus",-86.987627,13.997351
"Leptoglossus zonatus",-72.935006,4.633177
"Heilipus lauri",-98.079461,20.334975
"Atta mexicana",-104.351613,19.105478
"Leptoglossus zonatus",-83.990683,9.906955
"Leptoglossus zonatus",-110.147569,23.543358
"Atta mexicana",-100.886933,20.204017
"Atta mexicana",-101.195416,19.689135
"Atta mexicana",-99.084015,18.985872
"Leptoglossus zonatus",-100.388132,20.522171
"Atta mexicana",-100.442152,20.551332
"Atta mexicana",-96.139641,15.763612
"Leptoglossus zonatus",-51.7309,-21.887417
"Leptoglossus zonatus",-80.982472,8.106374
"Leptoglossus zonatus",-75.751416,6.507284
"Atta mexicana",-99.077719,18.983295
"Leptoglossus zonatus",-103.517333,25.546856
"Bemisia tabaci",-74.356981,4.477679
"Leptoglossus zonatus",-85.008959,9.743352
"Atta mexicana",-101.224928,19.64923
"Atta mexicana",-87.01172,14.006745
"Atta mexicana",-96.767696,17.045682
"Leptoglossus zonatus",-85.618142,10.838342
"Leptoglossus zonatus",-99.233903,18.917217
"Atta mexicana",-97.015434,18.946961
"Leptoglossus zonatus",-88.98293,17.188376
"Atta mexicana",-102.05838,19.394853
"Atta mexicana",-102.057642,19.395319
"Leptoglossus zonatus",-102.960905,23.449787
"Leptoglossus zonatus",-78.487222,-0.124878
"Atta mexicana",-103.288849,20.68899
"Atta mexicana",-103.328894,20.564365
"Atta mexicana",-98.117761,19.006941
"Atta mexicana",-96.911233,19.539344
"Atta mexicana",-96.711034,17.1043
"Atta mexicana",-96.921789,19.578334
"Atta mexicana",-101.181641,19.702487
"Atta mexicana",-102.247848,21.810839
"Atta mexicana",-100.687543,20.068696
"Atta mexicana",-101.136861,19.692892
"Atta mexicana",-105.364374,20.762153
"Atta mexicana",-100.267345,20.705461
"Atta mexicana",-96.151374,15.754974
"Atta mexicana",-105.331444,22.221468
"Atta mexicana",-101.213012,19.706483
"Atta mexicana",-100.357674,20.594905
"Atta mexicana",-103.511238,19.634888
"Atta mexicana",-104.881346,21.4804
"Atta mexicana",-106.449997,23.254047
"Leptoglossus zonatus",-47.948001,-15.77692
"Atta mexicana",-101.241409,19.668919
"Atta mexicana",-103.514481,20.747217
"Atta mexicana",-100.505505,25.70474
"Atta mexicana",-103.34731,20.633998
"Atta mexicana",-103.292541,20.724055
"Atta mexicana",-99.606531,21.19495
"Leptoglossus zonatus",-100.997819,22.134755
"Atta mexicana",-101.425483,20.953446
"Atta mexicana",-102.438602,22.123918
"Atta mexicana",-102.808578,21.136645
"Atta mexicana",-92.263175,14.910828
"Atta mexicana",-97.462131,20.513722
"Atta mexicana",-103.414775,20.604483
"Atta mexicana",-101.227489,19.683428
"Atta mexicana",-97.391687,20.982165
"Leptoglossus zonatus",-98.156653,18.843692
"Atta mexicana",-93.142624,16.760785
"Atta mexicana",-100.338058,20.699722
"Atta mexicana",-108.913921,26.912128
"Atta mexicana",-96.94455,19.513454
"Atta mexicana",-100.276634,20.604416
"Atta mexicana",-101.182799,19.703375
"Leptoglossus zonatus",-102.791026,20.81048
"Leptoglossus zonatus",-80.805211,-1.664658
"Atta mexicana",-108.946094,27.017079
"Atta mexicana",-103.84057,20.888679
"Leptoglossus zonatus",-42.869969,-20.767333
"Atta mexicana",-101.202378,19.68749
"Atta mexicana",-90.401172,14.469329
"Atta mexicana",-100.428313,20.583013
"Atta mexicana",-101.181529,19.700959
"Atta mexicana",-103.512561,20.747488
"Leptoglossus zonatus",-88.042943,15.529841
"Atta mexicana",-96.728363,17.063297
"Atta mexicana",-105.432128,20.74975
"Atta mexicana",-103.510306,20.741089
"Atta mexicana",-102.205927,21.918634
"Atta mexicana",-100.158951,25.671237
"Atta mexicana",-99.6724,18.826042
"Atta mexicana",-96.276659,16.865812
"Atta mexicana",-102.292612,21.856
"Atta mexicana",-101.239167,19.690556
"Leptoglossus zonatus",-110.221289,23.408889
"Atta mexicana",-106.37429,23.26514
"Atta mexicana",-99.341434,20.055258
"Leptoglossus zonatus",-99.051905,19.469948
"Leptoglossus zonatus",-100.608798,22.301011
"Atta mexicana",-99.2248,18.860979
"Atta mexicana",-103.410973,20.66809
"Atta mexicana",-100.338463,20.699767
"Atta mexicana",-103.509239,19.631405
"Atta mexicana",-97.431635,20.02301
"Atta mexicana",-103.311027,20.741161
"Leptoglossus zonatus",-99.803822,20.686414
"Atta mexicana",-87.962792,15.112716
"Atta mexicana",-103.578161,20.682754
"Leptoglossus zonatus",-86.958885,12.691944
"Atta mexicana",-99.557686,21.169368
"Atta mexicana",-98.549448,20.223724
"Atta mexicana",-103.311239,20.740158
"Atta mexicana",-100.388733,20.598903
"Atta mexicana",-100.742737,20.908192
"Leptoglossus zonatus",-35.289962,-6.41998
"Atta mexicana",-110.964395,29.090772
"Atta mexicana",-99.84233,16.860993
"Atta mexicana",-89.078718,13.69997
"Atta mexicana",-96.161591,19.104412
"Atta mexicana",-100.474835,20.743472
"Atta mexicana",-87.010314,14.010047
"Atta mexicana",-100.220585,25.677808
"Atta mexicana",-106.270836,23.126389
"Leptoglossus zonatus",-98.961729,19.622932
"Atta mexicana",-96.450347,16.958572
"Leptoglossus zonatus",-114.148562,29.36934
"Atta mexicana",-99.601061,18.558663
"Atta mexicana",-103.445034,20.632226
"Atta mexicana",-97.622381,18.310407
"Atta mexicana",-105.268722,21.62399
"Atta mexicana",-99.891673,20.523279
"Leptoglossus zonatus",-101.226807,19.681044
"Atta mexicana",-97.040856,15.836759
"Atta mexicana",-99.115617,18.748717
"Atta mexicana",-102.270762,21.920681
"Atta mexicana",-103.513834,20.745305
"Leptoglossus zonatus",-97.191214,20.462989
"Atta mexicana",-101.918238,19.334614
"Atta mexicana",-103.364953,20.785009
"Leptoglossus zonatus",-80.727539,8.196356
"Atta mexicana",-100.252836,25.801691
"Atta mexicana",-96.499189,15.662218
"Atta mexicana",-101.179331,19.696839
"Atta mexicana",-100.269997,25.59965
"Leptoglossus zonatus",-80.036515,8.44813
"Atta mexicana",-96.961219,19.46355
"Atta mexicana",-108.949813,27.015637
"Atta mexicana",-101.254142,21.014428
"Atta mexicana",-100.453336,19.971353
"Atta mexicana",-99.223396,18.936234
"Atta mexicana",-99.891685,20.522587
"Leptoglossus zonatus",-101.22683,19.706377
"Atta mexicana",-103.265211,20.667989
"Leptoglossus zonatus",-86.99036,13.996417
"Atta mexicana",-100.354307,25.620274
"Atta mexicana",-88.388396,18.675542
"Atta mexicana",-96.639608,16.30461
"Atta mexicana",-102.994573,21.153277
"Atta mexicana",-102.884032,21.172729
"Atta mexicana",-103.635258,20.57974
"Atta mexicana",-106.442568,23.249537
"Atta mexicana",-96.888328,19.516965
"Atta mexicana",-102.321944,21.848889
"Atta mexicana",-100.728175,20.918176
"Leptoglossus zonatus",-98.936261,18.543115
"Trioza anceps",-98.941661,19.324475
"Heilipus lauri",-75.583696,6.167287
"Atta mexicana",-103.514759,20.733608
"Atta mexicana",-97.127789,18.209673
"Atta mexicana",-96.890289,19.535814
"Atta mexicana",-93.138705,16.759228
"Atta mexicana",-106.322252,23.508283
"Atta mexicana",-97.924947,17.032949
"Atta mexicana",-103.310336,20.741583
"Atta mexicana",-99.97921,25.251712
"Atta mexicana",-103.716134,19.233062
"Atta mexicana",-100.472738,20.54067
"Atta mexicana",-103.784795,21.829375
"Bemisia tabaci",-99.166298,19.688164
"Atta mexicana",-105.292834,20.688685
"Atta mexicana",-98.204891,19.005192
"Atta mexicana",-101.416467,20.469825
"Leptoglossus zonatus",-86.997078,14.007433
"Atta mexicana",-100.207107,25.490979
"Coccus hesperidum",-73.789947,-42.48289
"Leptoglossus zonatus",-74.334636,4.577186
"Atta mexicana",-100.1931,25.904743
"Atta mexicana",-101.178869,19.698492
"Atta mexicana",-101.325993,20.678891
"Leptoglossus zonatus",-83.924225,9.842135
"Leptoglossus zonatus",-84.106447,10.03014
"Atta mexicana",-103.513791,20.74783
"Leptoglossus zonatus",-100.475555,20.637684
"Atta mexicana",-110.189438,27.336776
"Atta mexicana",-99.941409,20.39819
"Atta mexicana",-100.206,25.633633
"Leptoglossus zonatus",-103.485862,25.589136
"Atta mexicana",-100.335722,25.638807
"Atta mexicana",-99.082388,18.986828
"Trioza anceps",-100.089649,19.242896
"Leptoglossus zonatus",-78.499548,-0.22101
"Atta mexicana",-100.472634,20.744016
"Leptoglossus zonatus",-88.263038,18.544655
"Leptoglossus zonatus",-73.021062,5.814291
"Leptoglossus zonatus",-100.208733,25.630554
"Atta mexicana",-96.194376,15.769468
"Leptoglossus zonatus",-101.048984,22.149705
"Atta mexicana",-105.220444,20.648825
"Atta mexicana",-102.293246,21.852337
"Atta mexicana",-101.001852,22.747527
"Atta mexicana",-96.921796,19.5785
"Leptoglossus zonatus",-109.678347,29.823988
"Atta mexicana",-100.286034,25.677113
"Atta mexicana",-110.964578,29.117164
"Atta mexicana",-99.369775,20.726871
"Atta mexicana",-99.237872,18.848076
"Atta mexicana",-96.909263,19.521672
"Atta mexicana",-106.922025,24.066319
"Leptoglossus zonatus",-84.183719,9.992218
"Atta mexicana",-100.296488,25.738383
"Atta mexicana",-100.819035,20.700523
"Atta mexicana",-99.03656,18.979084
"Atta mexicana",-93.142241,16.760623
"Atta mexicana",-99.19796,20.248852
"Atta mexicana",-98.166744,18.899853
"Atta mexicana",-92.698477,16.395935
"Atta mexicana",-112.742193,31.86836
"Atta mexicana",-105.221794,20.704833
"Atta mexicana",-96.92199,19.577322
"Atta mexicana",-102.733445,20.833338
"Atta mexicana",-96.654617,19.367492
"Atta mexicana",-104.726353,23.966441
"Atta mexicana",-100.361238,25.654675
"Atta mexicana",-106.376724,23.264595
"Atta mexicana",-87.007218,14.012461
"Atta mexicana",-100.041894,25.232929
"Atta mexicana",-104.731309,21.52363
"Atta mexicana",-101.826691,20.402856
"Atta mexicana",-101.270192,21.003219
"Atta mexicana",-100.746125,20.90217
"Atta mexicana",-107.297391,24.881009
"Atta mexicana",-100.423484,20.583035
"Atta mexicana",-99.231733,18.93516
"Atta mexicana",-103.654671,19.336983
"Atta mexicana",-96.721867,17.069899
"Atta mexicana",-102.766697,20.808072
"Atta mexicana",-105.085645,21.565044
"Heilipus lauri",-96.870194,19.655379
"Atta mexicana",-103.454187,20.689098
"Atta mexicana",-100.330495,25.644112
"Atta mexicana",-96.449044,16.957464
"Anastrepha ludens",-84.806942,10.308264
"Atta mexicana",-103.260583,20.466334
"Atta mexicana",-97.098217,18.869498
"Atta mexicana",-103.479805,20.373812
"Leptoglossus zonatus",-71.387551,8.520135
"Atta mexicana",-100.262358,25.734587
"Leptoglossus zonatus",-101.164939,19.687784
"Leptoglossus zonatus",-101.163182,19.700469
"Atta mexicana",-111.942775,30.293765
"Atta mexicana",-100.453688,20.079845
"Atta mexicana",-96.158242,19.058338
"Atta mexicana",-103.625267,20.764113
"Atta mexicana",-101.227091,19.643798
"Atta mexicana",-101.182708,19.684931
"Atta mexicana",-96.927431,19.520472
"Atta mexicana",-102.683328,20.391705
"Atta mexicana",-101.531882,21.034825
"Atta mexicana",-99.149986,18.895425
"Leptoglossus zonatus",-89.665367,20.982659
"Atta mexicana",-103.315848,20.724564
"Atta mexicana",-101.93946,21.345903
"Atta mexicana",-103.255459,20.784662
"Atta mexicana",-101.698442,21.16359
"Leptoglossus zonatus",-75.552914,6.350314
"Atta mexicana",-100.400169,22.088496
"Atta mexicana",-96.55728,15.663613
"Atta mexicana",-100.17302,25.690162
"Atta mexicana",-100.614655,20.761966
"Atta mexicana",-100.205872,25.639685
"Atta mexicana",-101.395278,20.681792
"Atta mexicana",-106.416337,23.206795
"Atta mexicana",-102.332078,21.985437
"Atta mexicana",-100.730811,20.917858
"Atta mexicana",-102.783083,20.846784
"Atta mexicana",-107.381909,24.827104
"Atta mexicana",-106.42953,23.232605
"Leptoglossus zonatus",-35.89824,-9.084275
"Anastrepha ludens",-117.112483,32.516622
"Leptoglossus zonatus",-35.208866,-5.906107
"Atta mexicana",-100.293378,25.735688
"Atta mexicana",-97.664229,20.251548
"Atta mexicana",-99.412318,21.93155
"Atta mexicana",-98.201192,19.001106
"Atta mexicana",-107.35928,24.815096
"Leptoglossus zonatus",-84.623482,9.612054
"Atta mexicana",-103.395517,20.709433
"Atta mexicana",-101.179115,19.699949
"Atta mexicana",-104.645867,24.014169
"Leptoglossus zonatus",-51.662659,-21.779511
"Leptoglossus zonatus",-47.121578,-7.577543
"Leptoglossus zonatus",-47.270779,-22.824389
"Atta mexicana",-99.160837,18.906403
"Atta mexicana",-100.440917,25.65847
"Leptoglossus zonatus",-78.5019,-0.306165
"Atta mexicana",-100.263232,25.638001
"Atta mexicana",-101.23482,19.696683
"Atta mexicana",-100.603664,25.724332
"Leptoglossus zonatus",-86.856003,21.102242
"Atta mexicana",-97.383499,18.296371
"Leptoglossus zonatus",-96.757275,17.019416
"Atta mexicana",-98.117748,19.008032
"Atta mexicana",-99.993912,25.27631
"Atta mexicana",-103.884808,18.916278
"Atta mexicana",-112.880795,31.915187
"Atta mexicana",-100.340976,20.533059
"Atta mexicana",-99.159535,18.912029
"Atta mexicana",-99.159548,18.911994
"Atta mexicana",-96.873688,19.516782
"Atta mexicana",-92.272347,14.895547
"Atta mexicana",-100.212775,20.533071
"Atta mexicana",-103.336683,20.697821
"Atta mexicana",-105.312884,20.730754
"Atta mexicana",-100.268756,25.765553
"Atta mexicana",-99.648056,20.38177
"Atta mexicana",-100.744862,20.919844
"Atta mexicana",-96.943897,19.520445
"Leptoglossus zonatus",-78.459217,-0.214281
"Atta mexicana",-98.910887,21.636199
"Atta mexicana",-101.177284,19.701239
"Atta mexicana",-100.357059,25.669624
"Atta mexicana",-101.168383,19.696936
"Atta mexicana",-93.119378,16.764603
"Atta mexicana",-98.921775,18.981376
"Heilipus lauri",-99.079993,19.211432
"Atta mexicana",-96.768622,17.044797
"Atta mexicana",-100.237363,25.582625
"Leptoglossus zonatus",-99.343942,18.504422
"Atta mexicana",-103.414218,20.605533
"Leptoglossus zonatus",-104.037339,20.610278
"Leptoglossus zonatus",-78.50326,-0.390589
"Atta mexicana",-101.179276,19.687642
"Atta mexicana",-97.911033,22.377233
"Atta mexicana",-100.492713,20.623756
"Atta mexicana",-105.252862,20.562836
"Atta mexicana",-103.203409,20.720191
"Atta mexicana",-100.315044,25.749864
"Atta mexicana",-99.253304,18.95524
"Atta mexicana",-105.231305,20.762057
"Atta mexicana",-101.215424,19.685532
"Atta mexicana",-96.421421,16.93367
"Atta mexicana",-103.411051,20.668688
"Leptoglossus zonatus",-84.045742,9.951415
"Atta mexicana",-106.287925,23.102293
"Atta mexicana",-99.188269,20.447667
"Atta mexicana",-96.771795,17.089104
"Atta mexicana",-100.48533,18.409115
"Atta mexicana",-99.503113,18.93535
"Leptoglossus zonatus",-86.998899,14.009483
"Trioza anceps",-99.189467,19.522732
"Leptoglossus zonatus",-103.517512,25.547958
"Atta mexicana",-101.395004,20.688137
"Aphis gossypii",-68.83908,-32.869083
"Anastrepha ludens",-100.378045,20.657678
"Atta mexicana",-99.284359,18.887768
"Atta mexicana",-98.86608,18.9771
"Trioza anceps",-98.896179,19.530024
"Atta mexicana",-97.456489,20.952907
"Leptoglossus zonatus",-92.933183,17.981354
"Atta mexicana",-100.348479,25.689301
"Leptoglossus zonatus",-104.03624,20.629041
"Leptoglossus zonatus",-78.371837,-0.224791
"Atta mexicana",-99.222741,18.770423
"Leptoglossus zonatus",-80.271159,7.808652
"Atta mexicana",-108.947043,27.01715
"Atta mexicana",-103.297391,20.715909
"Atta mexicana",-103.39135,20.720955
"Atta mexicana",-100.461007,20.639223
"Atta mexicana",-102.716217,21.245737
"Atta mexicana",-96.194322,15.76963
"Atta mexicana",-104.008157,20.726373
"Atta mexicana",-100.387988,20.522128
"Atta mexicana",-97.88797,22.443887
"Atta mexicana",-102.269546,21.87899
"Atta mexicana",-109.514827,28.900643
"Atta mexicana",-97.405361,20.953698
"Leptoglossus zonatus",-86.248143,12.133
"Leptoglossus zonatus",-103.50276,25.589129
"Atta mexicana",-101.00091,22.129716
"Atta mexicana",-100.684897,20.047488
"Atta mexicana",-99.255678,20.47167
"Atta mexicana",-93.017513,16.678788
"Atta mexicana",-90.47005,14.666455
"Leptoglossus zonatus",-100.31335,25.805347
"Atta mexicana",-106.322063,23.877197
"Atta mexicana",-87.332297,20.364313
"Atta mexicana",-100.361018,20.532063
"Atta mexicana",-101.165024,19.687798
"Atta mexicana",-100.787684,20.517404
"Leptoglossus zonatus",-101.67495,21.158831
"Atta mexicana",-100.254054,25.657729
"Leptoglossus zonatus",-100.38876,20.522629
"Atta mexicana",-103.438912,20.668512
"Atta mexicana",-88.169518,21.160785
"Atta mexicana",-106.879402,24.518417
"Atta mexicana",-103.606105,20.778753
"Atta mexicana",-105.602303,22.698225
"Atta mexicana",-100.875442,20.217787
"Atta mexicana",-100.441525,20.551317
"Atta mexicana",-105.287558,20.680787
"Atta mexicana",-97.344478,18.317241
"Atta mexicana",-110.946197,31.335175
"Atta mexicana",-101.22085,19.687608
"Atta mexicana",-101.221488,19.712438
"Atta mexicana",-101.600228,20.856287
"Atta mexicana",-107.366311,24.821742
"Atta mexicana",-93.12324,16.76278
"Leptoglossus zonatus",-99.216065,20.47617
"Atta mexicana",-102.825229,20.700564
"Leptoglossus zonatus",-48.454172,-22.866422
"Leptoglossus zonatus",-39.406204,-6.157407
"Atta mexicana",-104.0206,20.902488
"Atta mexicana",-108.981456,27.006698
"Atta mexicana",-101.2184,19.676032
"Atta mexicana",-99.593279,18.509964
"Atta mexicana",-103.437804,20.67438
"Atta mexicana",-102.3317,21.247469
"Leptoglossus zonatus",-105.356761,20.76381
"Atta mexicana",-99.112329,18.735185
"Trioza anceps",-101.452949,19.805561
"Leptoglossus zonatus",-85.612633,10.83375
"Leptoglossus zonatus",-99.80467,20.687404
"Atta mexicana",-99.971467,20.648313
"Atta mexicana",-105.255124,20.562153
"Leptoglossus zonatus",-116.60952,31.816995
"Atta mexicana",-96.120378,19.106778
"Atta mexicana",-103.419422,20.695238
"Atta mexicana",-96.139246,15.765926
"Leptoglossus zonatus",-80.036636,8.448171
"Leptoglossus zonatus",-99.243843,18.731833
"Atta mexicana",-102.259963,22.039342
"Atta mexicana",-86.990556,13.99715
"Atta mexicana",-101.395385,20.686073
"Atta mexicana",-102.877672,20.618646
"Atta mexicana",-100.777973,20.900037
"Atta mexicana",-101.149608,19.770436
"Atta mexicana",-99.35,20.06
"Leptoglossus zonatus",-84.188721,9.98445
"Atta mexicana",-100.285362,25.77012
"Atta mexicana",-94.765914,16.588172
"Atta mexicana",-101.204663,19.689175
"Atta mexicana",-90.49611,14.570695
"Atta mexicana",-90.483192,14.51102
"Anastrepha ludens",-102.883765,21.172311
"Atta mexicana",-99.20532,23.778588
"Leptoglossus zonatus",-104.628998,24.053295
"Atta mexicana",-98.931505,18.82646
"Atta mexicana",-100.384461,20.532561
"Atta mexicana",-102.303337,21.879967
"Atta mexicana",-96.137997,15.761564
"Atta mexicana",-96.912559,19.522878
"Atta mexicana",-101.166569,19.684511
"Atta mexicana",-99.195208,18.882042
"Atta mexicana",-100.323677,25.717501
"Atta mexicana",-102.323179,21.934359
"Atta mexicana",-103.42177,20.653928
"Atta mexicana",-97.965983,20.271992
"Atta mexicana",-105.244575,20.66296
"Atta mexicana",-105.720639,22.871844
"Atta mexicana",-100.265362,25.578292
"Atta mexicana",-101.165005,19.687782
"Atta mexicana",-105.215712,20.66317
"Atta mexicana",-91.215851,14.736012
"Atta mexicana",-96.276192,16.867497
"Atta mexicana",-90.518828,14.59165
"Atta mexicana",-102.6175,21.8811
"Atta mexicana",-99.229456,20.255481
"Atta mexicana",-103.719504,19.232275
"Atta mexicana",-100.728617,20.919189
"Atta mexicana",-101.214223,19.702417
"Atta mexicana",-105.231278,20.762064
"Leptoglossus zonatus",-99.7393,21.0445
"Atta mexicana",-103.19313,20.291062
"Atta mexicana",-90.858208,15.155395
"Atta mexicana",-98.586491,20.502135
"Leptoglossus zonatus",-97.342071,17.529303
"Atta mexicana",-97.458122,18.331732
"Atta mexicana",-100.483286,20.634438
"Atta mexicana",-96.720115,17.064134
"Atta mexicana",-100.727883,20.917853
"Atta mexicana",-96.943287,19.500903
"Leptoglossus zonatus",-100.541222,20.529587
"Leptoglossus zonatus",-110.292946,30.979671
"Bemisia tabaci",-100.308177,25.729583
"Atta mexicana",-101.232215,19.712396
"Atta mexicana",-104.232444,19.774914
"Atta mexicana",-100.36377,25.632867
"Leptoglossus zonatus",-99.814064,20.691713
"Atta mexicana",-101.16821,19.686115
"Atta mexicana",-100.040733,25.233114
"Leptoglossus zonatus",-37.093335,-7.624006
"Leptoglossus zonatus",-103.525545,20.719339
"Atta mexicana",-103.439644,20.850098
"Leptoglossus zonatus",-110.962876,31.304154
"Atta mexicana",-102.326537,22.22354
"Leptoglossus zonatus",-47.777203,-21.027594
"Atta mexicana",-88.38382,13.535047
"Atta mexicana",-99.202242,20.246207
"Atta mexicana",-100.252901,25.75037
"Atta mexicana",-98.417958,18.924265
"Atta mexicana",-105.415684,20.902145
"Atta mexicana",-101.181485,19.6978
"Leptoglossus zonatus",-103.501136,25.587137
"Atta mexicana",-101.182896,19.70328
"Leptoglossus zonatus",-87.004958,14.013194
"Atta mexicana",-100.662441,26.844292
"Leptoglossus zonatus",-83.698064,9.12472
"Atta mexicana",-98.2044,19.00225
"Atta mexicana",-99.082209,18.986792
"Leptoglossus zonatus",-78.419436,-0.109662
"Atta mexicana",-112.787512,31.882497
"Atta mexicana",-104.851859,21.549424
"Atta mexicana",-98.182311,19.032858
"Atta mexicana",-99.004125,18.83569
"Atta mexicana",-103.478303,19.705734
"Atta mexicana",-99.992546,25.935181
"Atta mexicana",-100.725318,19.97201
"Atta mexicana",-100.306549,20.650887
"Leptoglossus zonatus",-100.270776,25.546763
"Atta mexicana",-101.205742,19.690432
"Leptoglossus zonatus",-100.388418,20.522434
"Leptoglossus zonatus",-81.326847,8.013964
"Atta mexicana",-107.539404,25.043715
"Leptoglossus zonatus",-96.68468,17.009659
"Atta mexicana",-103.409562,20.66802
"Atta mexicana",-90.482801,14.464886
"Bemisia tabaci",-100.014048,19.252062
"Atta mexicana",-100.679417,20.051119
"Atta mexicana",-97.194494,19.623927
"Atta mexicana",-102.043048,19.406445
"Leptoglossus zonatus",-100.33758,25.647928
"Atta mexicana",-96.168177,15.756388
"Atta mexicana",-109.599012,26.696891
"Aphis gossypii",-35.525038,-7.11736
"Leptoglossus zonatus",-96.520344,15.6655
"Atta mexicana",-98.429389,18.913123
"Atta mexicana",-96.991818,19.462235
"Atta mexicana",-101.178851,19.696918
"Leptoglossus zonatus",-86.990372,13.996895
"Atta mexicana",-100.398136,20.639381
"Atta mexicana",-101.221281,19.657984
"Atta mexicana",-102.399623,21.868709
"Atta mexicana",-103.315695,20.724133
"Atta mexicana",-93.152864,16.756888
"Atta mexicana",-105.739871,23.966422
"Leptoglossus zonatus",-80.036488,8.448061
"Leptoglossus zonatus",-106.000832,23.144276
"Atta mexicana",-109.930367,27.482759
"Leptoglossus zonatus",-98.92538,18.875324
"Atta mexicana",-105.06575,21.759306
"Atta mexicana",-100.127303,19.18207
"Atta mexicana",-100.730247,20.917558
"Trioza anceps",-99.20417,19.37993
"Atta mexicana",-100.357786,25.715664
"Atta mexicana",-104.578776,23.074204
"Atta mexicana",-98.435011,18.903333
"Atta mexicana",-101.348152,20.672656
"Atta mexicana",-110.947918,29.13601
"Leptoglossus zonatus",-99.812703,20.695744
"Atta mexicana",-100.31041,25.733203
"Atta mexicana",-110.810433,31.272254
"Trioza anceps",-99.197875,19.416405
"Atta mexicana",-103.400824,20.748807
"Atta mexicana",-96.748131,19.351912
"Leptoglossus zonatus",-103.526811,20.720764
"Leptoglossus zonatus",-81.322449,8.01694
"Atta mexicana",-99.082604,18.985318
"Atta mexicana",-97.402284,20.172702
"Atta mexicana",-101.193684,19.707048
"Atta mexicana",-110.392634,29.422532
"Atta mexicana",-102.744806,20.836473
"Atta mexicana",-102.344104,21.963568
"Atta mexicana",-96.71843,17.06375
"Atta mexicana",-101.190378,19.727332
"Atta mexicana",-91.162446,14.739916
"Atta mexicana",-100.679369,20.051197
"Atta mexicana",-96.944701,19.492136
"Atta mexicana",-110.26518,29.09503
"Atta mexicana",-100.286784,25.673515
"Atta mexicana",-101.163139,19.68511
"Atta mexicana",-104.80052,19.247871
"Atta mexicana",-87.242012,13.867228
"Atta mexicana",-100.812128,20.527605
"Atta mexicana",-91.227637,14.618636
"Leptoglossus zonatus",-47.85912,-15.778125
"Atta mexicana",-96.912966,19.517371
"Atta mexicana",-103.468518,19.705099
"Atta mexicana",-100.922218,20.108307
"Atta mexicana",-101.223524,19.650292
"Atta mexicana",-100.263284,25.638047
"Leptoglossus zonatus",-83.752617,9.859268
"Leptoglossus zonatus",-76.552657,3.406325
"Atta mexicana",-87.008711,14.006341
"Atta mexicana",-107.294501,24.876338
"Atta mexicana",-105.282263,20.720678
"Atta mexicana",-99.131969,17.882617
"Atta mexicana",-102.294821,21.902093
"Leptoglossus zonatus",-103.264292,20.312658
"Atta mexicana",-102.522214,22.734205
"Atta mexicana",-100.293135,25.736206
"Atta mexicana",-99.214634,18.845067
"Atta mexicana",-100.274528,25.539237
"Leptoglossus zonatus",-73.859889,2.059593
"Atta mexicana",-105.19748,20.574155
"Atta mexicana",-105.294601,20.69346
"Leptoglossus zonatus",-97.72453,17.686872
"Atta mexicana",-99.993876,25.275968
"Atta mexicana",-100.366272,20.624683
"Atta mexicana",-100.383963,20.510237
"Atta mexicana",-87.013994,14.011268
"Atta mexicana",-103.982803,20.703117
"Bemisia tabaci",-74.117146,4.664257
"Leptoglossus zonatus",-100.500997,22.141119
"Atta mexicana",-100.252321,25.666824
"Atta mexicana",-96.995048,19.422302
"Atta mexicana",-101.338692,26.852662
"Leptoglossus zonatus",-78.468746,-0.143924
"Atta mexicana",-102.964425,22.650622
"Atta mexicana",-100.863539,19.954288
"Atta mexicana",-101.328883,20.678108
"Atta mexicana",-104.426553,19.129764
"Atta mexicana",-96.92181,19.578195
"Atta mexicana",-110.820077,31.306367
"Atta mexicana",-101.143165,20.220604
"Leptoglossus zonatus",-100.340636,25.806354
"Leptoglossus zonatus",-49.199727,-17.014943
"Atta mexicana",-103.509609,20.740371
"Leptoglossus zonatus",-100.270476,25.549149
"Atta mexicana",-106.705,24.078889
"Leptoglossus zonatus",-100.38659,20.514639
"Atta mexicana",-113.01893,31.94415
"Atta mexicana",-108.733672,27.041879
"Atta mexicana",-105.29377,20.465514
"Atta mexicana",-99.061242,18.877342
"Atta mexicana",-110.875542,31.217317
"Bemisia tabaci",-83.799271,9.91585
"Leptoglossus zonatus",-78.411195,-0.20207
"Atta mexicana",-107.428113,24.845147
"Atta mexicana",-97.851606,22.239978
"Atta mexicana",-104.683467,24.199223
"Leptoglossus zonatus",-100.727012,20.918463
"Leptoglossus zonatus",-48.030068,-15.975511
"Atta mexicana",-101.181541,19.702459
"Pinnaspis strachani",-74.76611,10.78868
"Pinnaspis strachani",-75.87,5.06
"Pinnaspis strachani",-75.1647,9.46633
"Pinnaspis strachani",-74.89951,4.20961
"Pinnaspis strachani",-75.59167,4.99167
"Atta mexicana",-102.287651,21.887496
"Atta mexicana",-103.28752,20.67226
"Atta mexicana",-99.0651,19.00433
"Atta mexicana",-101.195061,19.682697
"Atta mexicana",-100.215506,25.674829
"Atta mexicana",-113.01936,31.94404
"Leptoglossus zonatus",-86.993137,13.994025
"Atta mexicana",-101.150058,19.684987
"Atta mexicana",-99.81273,20.695407
"Atta mexicana",-97.927254,16.960738
"Atta mexicana",-100.428513,20.58407
"Atta mexicana",-105.901111,23.425
"Atta mexicana",-97.094479,20.048689
"Atta mexicana",-104.649856,24.199444
"Atta mexicana",-97.454325,18.328359
"Atta mexicana",-103.403314,20.400122
"Leptoglossus zonatus",-42.110481,-22.823229
"Atta mexicana",-100.208155,25.6431
"Atta mexicana",-93.239832,16.300479
"Atta mexicana",-108.94812,27.017783
"Atta mexicana",-103.399308,20.632373
"Atta mexicana",-100.262316,25.785381
"Leptoglossus zonatus",-78.946121,-2.874728
"Atta mexicana",-102.302038,21.884992
"Atta mexicana",-96.901444,19.520365
"Atta mexicana",-100.362811,25.849058
"Atta mexicana",-101.173576,19.667268
"Atta mexicana",-86.989491,14.00342
"Atta mexicana",-96.581361,17.008008
"Atta mexicana",-104.682878,19.213164
"Atta mexicana",-99.523941,17.556022
"Atta mexicana",-97.688457,21.348127
"Atta mexicana",-104.30034,19.098159
"Leptoglossus zonatus",-87.193938,14.069925
"Atta mexicana",-105.244567,20.56168
"Atta mexicana",-105.212233,20.629203
"Atta mexicana",-100.386833,20.597108
"Leptoglossus zonatus",-87.172172,14.068664
"Atta mexicana",-105.243698,21.585344
"Atta mexicana",-102.717211,19.992706
"Atta mexicana",-98.200513,19.005306
"Atta mexicana",-100.444221,20.699057
"Atta mexicana",-100.47554,20.637716
"Atta mexicana",-99.485863,18.951541
"Atta mexicana",-106.427187,23.261903
"Atta mexicana",-99.082422,18.986462
"Atta mexicana",-96.948814,19.469239
"Atta mexicana",-99.334572,18.302549
"Atta mexicana",-99.13755,23.758358
"Leptoglossus zonatus",-47.270779,-22.824412
"Atta mexicana",-101.279191,19.698303
"Atta mexicana",-93.272878,16.804418
"Leptoglossus zonatus",-78.206749,0.355822
"Atta mexicana",-102.297408,21.844861
"Atta mexicana",-108.701819,27.054347
"Leptoglossus zonatus",-99.359099,18.557748
"Coccus hesperidum",-99.592105,19.283458
"Atta mexicana",-97.143486,17.647469
"Atta mexicana",-106.699472,24.410072
"Atta mexicana",-91.159646,14.742289
"Leptoglossus zonatus",-86.387733,12.117805
"Leptoglossus zonatus",-78.50152,-0.319145
"Atta mexicana",-103.576304,22.179093
"Leptoglossus zonatus",-87.149326,14.04713
"Leptoglossus zonatus",-78.33219,-0.212604
"Leptoglossus zonatus",-86.18979,12.055448
"Atta mexicana",-100.445492,20.700437
"Atta mexicana",-100.852703,20.00064
"Leptoglossus zonatus",-86.993177,14.006827
"Atta mexicana",-90.648279,18.842167
"Leptoglossus zonatus",-75.563332,6.270278
"Leptoglossus zonatus",-109.233547,26.400301
"Atta mexicana",-92.298357,15.125903
"Atta mexicana",-91.161578,14.738506
"Atta mexicana",-99.613612,18.544766
"Atta mexicana",-101.191808,19.729025
"Atta mexicana",-100.679359,20.05114
"Atta mexicana",-105.333035,20.754667
"Atta mexicana",-101.241748,21.009803
"Atta mexicana",-103.766598,19.468398
"Atta mexicana",-103.481255,19.711768
"Leptoglossus zonatus",-83.752307,9.859351
"Atta mexicana",-100.188199,21.010163
"Leptoglossus zonatus",-98.787685,20.018668
"Leptoglossus zonatus",-71.53052,-16.442997
"Atta mexicana",-107.290057,24.879993
"Atta mexicana",-100.437928,20.631303
"Atta mexicana",-105.344544,20.336755
"Atta mexicana",-104.245233,23.850186
"Atta mexicana",-105.557961,20.424828
"Leptoglossus zonatus",-46.722605,-23.564688
"Atta mexicana",-97.79818,20.049866
"Atta mexicana",-93.086324,16.720553
"Atta mexicana",-100.732146,20.917722
"Atta mexicana",-99.559599,21.16221
"Atta mexicana",-96.707574,19.352488
"Atta mexicana",-100.876002,22.05583
"Atta mexicana",-110.973613,29.13227
"Atta mexicana",-100.238295,25.796119
"Atta mexicana",-105.915672,23.370988
"Leptoglossus zonatus",-87.007539,14.008775
"Atta mexicana",-96.671972,16.844548
"Atta mexicana",-110.706556,28.854265
"Atta mexicana",-90.605409,14.575744
"Atta mexicana",-105.412155,20.902805
"Atta mexicana",-96.931726,19.535911
"Atta mexicana",-100.394172,20.515112
"Heilipus lauri",-100.201497,19.180004
"Atta mexicana",-103.421736,20.693385
"Atta mexicana",-98.201858,19.001829
"Atta mexicana",-101.714122,21.153994
"Leptoglossus zonatus",-84.797058,10.282655
"Leptoglossus zonatus",-100.727843,20.042998
"Atta mexicana",-101.94177,22.091981
"Leptoglossus zonatus",-87.001717,14.006547
"Leptoglossus zonatus",-100.2258,25.55142
"Leptoglossus zonatus",-84.139344,10.001081
"Atta mexicana",-100.458624,20.699091
"Atta mexicana",-100.530717,25.875751
"Atta mexicana",-102.320458,21.915512
"Leptoglossus zonatus",-75.04839,9.155532
"Atta mexicana",-101.526301,17.650159
"Atta mexicana",-109.514799,28.900614
"Atta mexicana",-100.39571,20.656559
"Atta mexicana",-100.475685,20.637636
"Atta mexicana",-88.695202,15.373584
"Atta mexicana",-96.769067,17.04642
"Atta mexicana",-103.455187,20.590505
"Atta mexicana",-108.94204,30.48172
"Atta mexicana",-100.186683,25.871872
"Atta mexicana",-101.684386,21.167097
"Atta mexicana",-103.357314,20.678796
"Atta mexicana",-101.758683,19.972005
"Leptoglossus zonatus",-78.458988,-0.323334
"Atta mexicana",-110.95132,29.152056
"Atta mexicana",-104.909283,20.771546
"Atta mexicana",-100.451575,20.622815
"Trioza anceps",-96.918691,19.52734
"Atta mexicana",-102.525076,21.778655
"Leptoglossus zonatus",-99.963312,21.098775
"Anastrepha ludens",-99.265956,18.620877
"Atta mexicana",-98.892159,18.918291
"Leptoglossus zonatus",-100.134871,25.39866
"Atta mexicana",-106.454912,23.290025
"Atta mexicana",-105.378731,20.757005
"Atta mexicana",-103.392608,20.759297
"Atta mexicana",-100.724548,20.044203
"Atta mexicana",-101.215578,19.675326
"Atta mexicana",-107.385881,24.827415
"Atta mexicana",-100.745203,20.909689
"Leptoglossus zonatus",-101.163203,19.7005
"Atta mexicana",-87.001829,14.005601
"Atta mexicana",-100.26252,25.776066
"Leptoglossus zonatus",-78.459202,-0.214268
"Atta mexicana",-87.006133,13.996725
"Atta mexicana",-105.286531,20.680944
"Atta mexicana",-90.404687,14.444275
"Anastrepha ludens",-103.336797,20.697257
"Trioza anceps",-96.646362,16.305475
"Heilipus lauri",-73.492393,6.713127
"Atta mexicana",-97.458783,20.951702
"Atta mexicana",-102.331529,21.985344
"Leptoglossus zonatus",-101.352516,20.702723
"Atta mexicana",-100.425076,20.550732
"Atta mexicana",-88.070285,13.937149
"Leptoglossus zonatus",-106.437233,23.301431
"Atta mexicana",-105.20472,20.65889
"Atta mexicana",-101.159759,19.700079
"Atta mexicana",-98.046944,18.201667
"Atta mexicana",-106.441606,23.299837
"Leptoglossus zonatus",-105.471566,28.273079
"Leptoglossus zonatus",-78.427231,-0.193206
"Leptoglossus zonatus",-38.365693,-10.038697
"Leptoglossus zonatus",-75.568842,6.267748
"Atta mexicana",-100.278236,25.592213
"Atta mexicana",-100.670758,20.058054
"Atta mexicana",-91.149444,14.736507
"Atta mexicana",-105.422325,20.864545
"Atta mexicana",-105.884903,24.57196
"Atta mexicana",-96.704997,17.063956
"Atta mexicana",-105.216015,20.668875
"Atta mexicana",-100.960817,22.090772
"Atta mexicana",-112.814653,31.882229
"Atta mexicana",-109.171206,25.912792
"Atta mexicana",-106.416267,23.205095
"Atta mexicana",-105.216279,20.660494
"Atta mexicana",-104.304745,19.104291
"Leptoglossus zonatus",-105.494232,28.262908
"Atta mexicana",-105.04612,21.238951
"Atta mexicana",-110.911155,29.170242
"Atta mexicana",-100.232161,25.676661
"Atta mexicana",-101.163155,19.700483
"Atta mexicana",-97.029583,20.327383
"Atta mexicana",-96.7679,17.045112
"Atta mexicana",-103.482249,20.536128
"Atta mexicana",-100.23261,25.677181
"Atta mexicana",-101.23168,19.712778
"Atta mexicana",-99.203588,18.930885
"Atta mexicana",-102.681498,20.447314
"Leptoglossus zonatus",-103.501587,25.58721
"Leptoglossus zonatus",-46.478284,-23.583414
"Atta mexicana",-102.137623,22.595432
"Atta mexicana",-96.911168,19.531663
"Atta mexicana",-105.438351,20.871611
"Atta mexicana",-100.931232,21.792347
"Atta mexicana",-100.37815,20.675062
"Leptoglossus zonatus",-99.941208,20.741188
"Atta mexicana",-88.65375,17.751429
"Atta mexicana",-87.438915,20.229137
"Atta mexicana",-103.309814,20.739633
"Atta mexicana",-99.84745,25.193571
"Atta mexicana",-101.203552,19.688082
"Atta mexicana",-102.252846,21.825489
"Atta mexicana",-103.375995,20.762724
"Atta mexicana",-101.213795,19.674209
"Atta mexicana",-100.734875,20.916597
"Atta mexicana",-113.019313,31.944031
"Atta mexicana",-103.461305,19.725215
"Atta mexicana",-105.216331,20.662594
"Atta mexicana",-100.273531,25.729712
"Atta mexicana",-100.29288,25.736234
"Atta mexicana",-96.717928,17.073463
"Atta mexicana",-98.965834,18.925284
"Leptoglossus zonatus",-109.880339,22.898665
"Atta mexicana",-110.864259,30.777351
"Heilipus lauri",-75.784726,5.791434
"Atta mexicana",-103.4035,20.689041
"Atta mexicana",-98.342861,18.847749
"Atta mexicana",-87.009009,14.009039
"Atta mexicana",-102.56403,20.596633
"Leptoglossus zonatus",-105.471556,28.273108
"Atta mexicana",-100.268472,25.595395
"Atta mexicana",-99.080993,18.987099
"Atta mexicana",-105.405856,20.920339
"Atta mexicana",-98.967557,18.809586
"Leptoglossus zonatus",-87.012795,14.008648
"Atta mexicana",-105.003546,22.168539
"Leptoglossus zonatus",-87.092788,20.625983
"Atta mexicana",-103.292989,20.418742
"Atta mexicana",-110.934485,29.145658
"Atta mexicana",-99.251404,18.98432
"Atta mexicana",-100.26432,25.658472
"Atta mexicana",-107.348889,24.943333
"Atta mexicana",-99.269858,18.958178
"Atta mexicana",-100.329703,25.644376
"Atta mexicana",-106.440567,23.299319
"Atta mexicana",-110.906334,29.134186
"Leptoglossus zonatus",-78.474836,-0.074062
"Atta mexicana",-100.852678,19.998128
"Atta mexicana",-96.925478,19.521774
"Atta mexicana",-100.252636,25.666126
"Atta mexicana",-96.721903,17.068631
"Atta mexicana",-96.356734,15.967968
"Atta mexicana",-103.35904,20.782322
"Atta mexicana",-90.550672,14.587464
"Atta mexicana",-110.912363,29.167868
"Atta mexicana",-103.464958,21.451425
"Atta mexicana",-112.179238,30.728525
"Atta mexicana",-87.006238,14.007489
"Atta mexicana",-110.814642,29.152357
"Atta mexicana",-107.56,25.808333
"Atta mexicana",-101.203853,19.690197
"Atta mexicana",-101.226728,19.706427
"Leptoglossus zonatus",-103.244845,20.700754
"Atta mexicana",-102.301087,21.93967
"Atta mexicana",-100.967006,22.095126
"Atta mexicana",-103.389956,20.705432
"Atta mexicana",-96.717795,17.070156
"Atta mexicana",-101.178381,19.701097
"Atta mexicana",-107.40429,24.832372
"Leptoglossus zonatus",-78.427719,-0.210213
"Atta mexicana",-101.235434,19.697174
"Atta mexicana",-99.229653,18.92104
"Atta mexicana",-88.038896,20.790379
"Leptoglossus zonatus",-105.47377,28.266714
"Atta mexicana",-96.941963,19.518219
"Leptoglossus zonatus",-99.257314,18.944667
"Atta mexicana",-87.001678,14.006972
"Atta mexicana",-97.451002,18.349965
"Atta mexicana",-103.314225,20.722021
"Atta mexicana",-96.719758,17.05617
"Leptoglossus zonatus",-73.521347,5.634588
"Atta mexicana",-101.008363,22.121795
"Trioza anceps",-92.634374,16.704306
"Atta mexicana",-96.633745,17.045464
"Atta mexicana",-103.358892,20.782165
"Leptoglossus zonatus",-47.879157,-15.782748
"Atta mexicana",-99.223448,18.907677
"Atta mexicana",-102.588097,22.768658
"Atta mexicana",-100.482326,19.558044
"Atta mexicana",-100.321632,25.643207
"Atta mexicana",-106.609551,24.40441
"Atta mexicana",-103.278557,20.65678
"Atta mexicana",-99.220345,18.849445
"Atta mexicana",-97.417694,20.960187
"Leptoglossus zonatus",-75.595397,6.258581
"Atta mexicana",-103.436363,20.823668
"Leptoglossus zonatus",-107.358358,24.815759
"Atta mexicana",-97.881662,22.252588
"Atta mexicana",-99.47863,17.547561
"Atta mexicana",-99.81193,20.711001
"Atta mexicana",-113.019256,31.943866
"Atta mexicana",-87.011458,14.015803
"Atta mexicana",-99.238979,18.985065
"Atta mexicana",-106.229686,23.742082
"Atta mexicana",-100.2768,20.627274
"Leptoglossus zonatus",-105.492631,28.260762
"Atta mexicana",-100.279795,25.714408
"Atta mexicana",-96.650356,20.026253
"Leptoglossus zonatus",-83.642722,8.729425
"Atta mexicana",-106.321992,23.877337
"Atta mexicana",-97.527093,20.185481
"Leptoglossus zonatus",-84.188667,9.984562
"Atta mexicana",-96.732799,16.569926
"Leptoglossus zonatus",-87.156357,13.208705
"Leptoglossus zonatus",-76.977478,-6.075885
"Leptoglossus zonatus",-78.375446,-0.221475
"Leptoglossus zonatus",-101.209048,19.704768
"Leptoglossus zonatus",-89.68793,20.972361
"Leptoglossus zonatus",-99.135383,19.2611
"Heilipus lauri",-75.680367,4.765838
"Atta mexicana",-99.708974,20.898147
"Atta mexicana",-103.708622,19.255824
"Atta mexicana",-100.398872,22.616478
"Atta mexicana",-110.847651,30.775118
"Atta mexicana",-96.51447,17.04465
"Anastrepha ludens",-67.77054,-10.001065
"Atta mexicana",-100.545192,21.285853
"Atta mexicana",-100.492671,20.623802
"Leptoglossus zonatus",-84.797828,10.282463
"Atta mexicana",-97.426652,20.96838
"Atta mexicana",-104.207512,23.908475
"Atta mexicana",-99.557459,21.170341
"Atta mexicana",-101.181606,19.700364
"Leptoglossus zonatus",-103.52649,25.491354
"Atta mexicana",-100.835964,20.546358
"Atta mexicana",-106.49317,23.304793
"Atta mexicana",-105.916626,22.78266
"Atta mexicana",-97.446835,20.952443
"Atta mexicana",-96.902034,19.519806
"Atta mexicana",-101.178994,19.696628
"Atta mexicana",-100.330008,25.643769
"Atta mexicana",-101.188816,19.705158
"Atta mexicana",-106.686744,24.423633
"Leptoglossus zonatus",-98.465555,18.583582
"Leptoglossus zonatus",-78.483376,-0.207298
"Atta mexicana",-110.952148,29.146782
"Atta mexicana",-104.854623,20.761588
"Atta mexicana",-99.242562,18.968603
"Leptoglossus zonatus",-95.131897,18.409508
"Atta mexicana",-105.20048,20.578199
"Atta mexicana",-99.206812,18.845855
"Leptoglossus zonatus",-46.78435,-23.428339
"Atta mexicana",-99.205677,18.907506
"Atta mexicana",-96.331283,17.725939
"Leptoglossus zonatus",-100.17699,25.622279
"Leptoglossus zonatus",-100.379067,25.721452
"Atta mexicana",-89.068001,17.152992
"Atta mexicana",-112.815639,31.881541
"Atta mexicana",-103.946506,20.220716
"Atta mexicana",-109.170689,25.912758
"Leptoglossus zonatus",-103.963109,20.75586
"Atta mexicana",-98.398425,19.008591
"Leptoglossus zonatus",-56.074383,-9.870602
"Monalonion velezangeli",-74.095881,4.671233
"Atta mexicana",-103.341374,20.607343
"Atta mexicana",-103.534229,20.607396
"Atta mexicana",-100.684173,20.048657
"Atta mexicana",-102.994278,21.152816
"Atta mexicana",-98.177559,19.005556
"Leptoglossus zonatus",-79.014792,-2.915663
"Atta mexicana",-99.156787,22.103572
"Atta mexicana",-100.349422,20.532103
"Atta mexicana",-91.911262,14.93597
"Leptoglossus zonatus",-46.77285,-23.593233
"Leptoglossus zonatus",-99.170768,20.424556
"Atta mexicana",-96.1586,15.733508
"Leptoglossus zonatus",-98.975493,18.96735
"Atta mexicana",-103.569571,20.643404
"Atta mexicana",-104.31253,19.091481
"Atta mexicana",-105.380148,20.752649
"Atta mexicana",-101.522817,20.702867
"Atta mexicana",-102.294997,21.901453
"Leptoglossus zonatus",-100.977224,25.35128
"Atta mexicana",-100.35985,25.653781
"Leptoglossus zonatus",-98.232583,19.069717
"Atta mexicana",-100.207283,25.639147
"Leptoglossus zonatus",-87.002916,13.994836
"Leptoglossus zonatus",-84.030547,9.908887
"Atta mexicana",-101.244923,19.621056
"Atta mexicana",-101.552837,21.115324
"Atta mexicana",-99.239625,18.981861
"Leptoglossus zonatus",-102.616389,21.861944
"Aphis gossypii",-79.943504,-2.143174
"Atta mexicana",-105.323417,20.513163
"Atta mexicana",-90.489272,14.60383
"Atta mexicana",-109.513616,28.901579
"Atta mexicana",-87.045472,20.672428
"Atta mexicana",-96.734137,17.076719
"Atta mexicana",-107.215556,24.856389
"Atta mexicana",-98.231545,18.95933
"Atta mexicana",-100.332062,20.597548
"Atta mexicana",-100.679411,20.051128
"Atta mexicana",-104.808143,21.354723
"Leptoglossus zonatus",-85.748488,10.528112
"Atta mexicana",-100.25713,25.66212
"Atta mexicana",-108.984117,27.034833
"Atta mexicana",-97.078868,15.866935
"Atta mexicana",-100.702627,19.888586
"Leptoglossus zonatus",-100.334747,25.67418
"Leptoglossus zonatus",-99.433833,18.608896
"Atta mexicana",-97.755785,19.980613
"Atta mexicana",-100.139847,19.163592
"Leptoglossus zonatus",-100.466827,25.673197
"Atta mexicana",-96.744244,17.144432
"Leptoglossus zonatus",-89.382042,13.72765
"Atta mexicana",-98.877117,21.95823
"Atta mexicana",-100.79303,20.992653
"Leptoglossus zonatus",-83.894661,9.845056
"Atta mexicana",-96.71988,17.066506
"Atta mexicana",-105.216247,20.663458
"Atta mexicana",-102.332588,21.985747
"Atta mexicana",-103.724087,19.245234
"Atta mexicana",-87.007187,14.013006
"Atta mexicana",-100.041906,25.232928
"Atta mexicana",-94.112249,16.12579
"Atta mexicana",-103.440877,20.692277
"Atta mexicana",-113.01965,31.943858
"Leptoglossus zonatus",-100.1736,23.034749
"Leptoglossus zonatus",-78.256881,-0.341808
"Leptoglossus zonatus",-46.536103,-23.739316
"Leptoglossus zonatus",-86.99109,14.001164
"Leptoglossus zonatus",-78.40748,-0.211241
"Atta mexicana",-101.137888,19.693261
"Atta mexicana",-100.207413,25.645851
"Atta mexicana",-96.732716,17.070309
"Atta mexicana",-102.995034,21.14465
"Atta mexicana",-102.063372,19.411453
"Heilipus lauri",-99.145863,19.320603
"Atta mexicana",-102.281239,21.890534
"Atta mexicana",-102.255517,21.896692
"Anastrepha ludens",-100.38802,20.522225
"Atta mexicana",-100.730346,20.9197
"Atta mexicana",-100.980952,22.212045
"Atta mexicana",-99.503392,18.952964
"Atta mexicana",-105.855508,22.967016
"Atta mexicana",-103.303833,19.463367
"Atta mexicana",-92.274484,14.887242
"Atta mexicana",-104.553437,25.18666
"Trioza anceps",-99.197929,19.416363
"Atta mexicana",-101.212921,19.690527
"Atta mexicana",-88.570612,20.681433
"Atta mexicana",-99.927735,22.00276
"Atta mexicana",-97.46047,20.530856
"Atta mexicana",-97.405343,18.17564
"Atta mexicana",-102.386205,21.040968
"Atta mexicana",-97.484779,18.295337
"Atta mexicana",-100.264488,25.658636
"Atta mexicana",-101.929598,19.3414
"Leptoglossus zonatus",-78.430297,-0.198455
"Leptoglossus zonatus",-99.033254,18.955282
"Atta mexicana",-87.07542,20.681307
"Atta mexicana",-99.064353,18.87082
"Leptoglossus zonatus",-78.373157,-0.220407
"Atta mexicana",-101.199664,19.70613
"Atta mexicana",-97.255914,18.377728
"Atta mexicana",-106.311553,23.479058
"Atta mexicana",-96.950388,19.587347
"Leptoglossus zonatus",-99.884348,20.533872
"Atta mexicana",-100.230517,25.675051
"Atta mexicana",-101.263265,19.692776
"Leptoglossus zonatus",-47.282558,-15.229333
"Atta mexicana",-101.366143,20.667224
"Atta mexicana",-106.286694,23.106338
"Leptoglossus zonatus",-49.465656,-28.875295
"Atta mexicana",-100.723572,20.039829
"Atta mexicana",-110.949291,29.148881
"Atta mexicana",-103.190974,20.28716
"Atta mexicana",-110.946308,29.148733
"Leptoglossus zonatus",-99.804437,20.686767
"Atta mexicana",-103.304086,20.446438
"Atta mexicana",-96.672309,16.844833
"Atta mexicana",-104.356685,19.7609
"Atta mexicana",-100.196055,25.629998
"Atta mexicana",-96.958759,19.453542
"Atta mexicana",-105.29441,20.703243
"Atta mexicana",-102.292106,21.8674
"Atta mexicana",-103.575578,20.710037
"Leptoglossus zonatus",-101.147282,19.560527
"Atta mexicana",-97.71438,20.00859
"Leptoglossus zonatus",-105.496406,28.261732
"Atta mexicana",-105.78537,23.489272
"Atta mexicana",-99.24585,18.97262
"Atta mexicana",-106.422847,23.251565
"Leptoglossus zonatus",-100.475647,20.637613
"Atta mexicana",-106.374533,23.266008
"Atta mexicana",-97.328613,20.427505
"Trioza anceps",-93.272953,16.804429
"Atta mexicana",-103.510135,20.746264
"Atta mexicana",-89.157273,13.661546
"Atta mexicana",-106.43853,23.252542
"Atta mexicana",-103.253184,20.641771
"Atta mexicana",-103.396747,20.79235
"Atta mexicana",-99.728419,21.424569
"Atta mexicana",-100.443086,20.703137
"Atta mexicana",-106.438508,23.299063
"Atta mexicana",-101.758658,19.971933
"Leptoglossus zonatus",-88.706362,16.554963
"Atta mexicana",-101.216567,19.709525
"Atta mexicana",-100.305699,20.648242
"Leptoglossus zonatus",-99.136414,19.262622
"Atta mexicana",-102.576111,22.767923
"Atta mexicana",-106.440775,23.299207
"Leptoglossus zonatus",-90.527913,14.655646
"Atta mexicana",-100.998792,22.117539
"Atta mexicana",-103.983063,20.70122
"Atta mexicana",-103.325725,20.652808
"Leptoglossus zonatus",-67.871737,-9.957377
"Atta mexicana",-101.201613,19.677662
"Atta mexicana",-98.76877,20.119783
"Atta mexicana",-104.671636,19.225098
"Atta mexicana",-100.26458,25.619388
"Leptoglossus zonatus",-103.501178,25.58719
"Leptoglossus zonatus",-103.264274,20.298242
"Leptoglossus zonatus",-99.19577,18.970358
"Atta mexicana",-98.436102,18.903567
"Atta mexicana",-100.182635,26.501066
"Leptoglossus zonatus",-82.791789,8.405543
"Leptoglossus zonatus",-105.497016,28.261595
"Atta mexicana",-103.265593,20.296645
"Atta mexicana",-103.834733,20.341899
"Atta mexicana",-99.592737,18.862562
"Atta mexicana",-100.435728,20.512753
"Atta mexicana",-110.854774,29.130753
"Atta mexicana",-97.614863,18.314478
"Leptoglossus zonatus",-100.135216,25.398497
"Leptoglossus zonatus",-106.84639,23.86861
"Leptoglossus zonatus",-104.645861,24.014157
"Leptoglossus zonatus",-99.119378,19.884338
"Atta mexicana",-89.305375,13.678378
"Heilipus lauri",-75.444597,6.282508
"Atta mexicana",-100.282816,25.743988
"Atta mexicana",-100.387985,20.522084
"Atta mexicana",-105.293,20.693
"Atta mexicana",-96.921318,19.519562
"Atta mexicana",-103.412216,20.775984
"Atta mexicana",-96.558853,16.241428
"Aphis gossypii",-101.226303,19.70776
"Atta mexicana",-103.427918,20.678731
"Atta mexicana",-100.090005,20.398329
"Atta mexicana",-103.4563,20.808362
"Atta mexicana",-99.121742,23.72784
"Atta mexicana",-99.950645,20.530961
"Atta mexicana",-99.614279,18.545219
"Atta mexicana",-103.400831,20.3927
"Atta mexicana",-102.61248,21.014498
"Atta mexicana",-105.142286,21.540928
"Atta mexicana",-103.26153,20.439609
"Leptoglossus zonatus",-103.491244,19.750607
"Atta mexicana",-104.859105,21.498652
"Atta mexicana",-105.291306,20.532417
"Leptoglossus zonatus",-101.248611,21.309166
"Atta mexicana",-104.35692,19.760658
"Atta mexicana",-103.454654,19.711282
"Atta mexicana",-96.892984,19.520682
"Atta mexicana",-100.352173,25.660842
"Atta mexicana",-93.185188,15.909205
"Atta mexicana",-92.195164,16.180526
"Anastrepha ludens",-92.292325,14.765745
"Atta mexicana",-96.171471,15.756399
"Atta mexicana",-100.992192,22.57648
"Atta mexicana",-93.123965,16.768668
"Leptoglossus zonatus",-99.693108,20.88255
"Atta mexicana",-101.018341,22.138313
"Atta mexicana",-100.388243,20.522006
"Atta mexicana",-96.888503,19.516893
"Atta mexicana",-87.00892,14.012482
"Atta mexicana",-100.290864,25.960364
"Atta mexicana",-103.26315,20.296663
"Atta mexicana",-92.114486,17.257838
"Leptoglossus zonatus",-106.286617,23.521156
"Leptoglossus zonatus",-99.154854,23.735263
"Atta mexicana",-104.7521,23.960053
"Atta mexicana",-103.394381,20.665427
"Atta mexicana",-90.888428,16.822452
"Atta mexicana",-98.959725,21.983524
"Atta mexicana",-103.307525,20.737042
"Leptoglossus zonatus",-81.326722,8.008397
"Atta mexicana",-102.280754,21.881402
"Leptoglossus zonatus",-109.69543,23.044539
"Atta mexicana",-100.367058,25.66682
"Atta mexicana",-103.325827,20.293062
"Leptoglossus zonatus",-77.278692,-0.876168
"Leptoglossus zonatus",-75.592838,6.274427
"Atta mexicana",-101.178447,19.698104
"Leptoglossus zonatus",-97.874304,18.760024
"Atta mexicana",-106.380684,23.376859
"Atta mexicana",-97.81264,18.188329
"Leptoglossus zonatus",-87.202772,13.977428
"Leptoglossus zonatus",-100.650002,20.045019
"Atta mexicana",-103.358673,20.67857
"Leptoglossus zonatus",-47.881926,-15.760566
"Leptoglossus zonatus",-117.05227,32.469561
"Leptoglossus zonatus",-86.991275,14.00646
"Atta mexicana",-96.779542,16.992158
"Atta mexicana",-108.915825,26.915688
"Atta mexicana",-102.612579,21.015064
"Atta mexicana",-102.321109,21.915565
"Atta mexicana",-102.331449,21.985331
"Atta mexicana",-101.181406,19.69787
"Atta mexicana",-105.297439,20.695357
"Atta mexicana",-100.387879,20.515274
"Leptoglossus zonatus",-73.521233,5.634595
"Leptoglossus zonatus",-78.48585,-0.116115
"Atta mexicana",-100.914972,19.963996
"Atta mexicana",-100.207725,20.881932
"Atta mexicana",-108.757797,28.374117
"Leptoglossus zonatus",-72.278023,4.347463
"Atta mexicana",-106.415956,23.248553
"Atta mexicana",-103.369125,20.777811
"Atta mexicana",-90.54864,14.632908
"Atta mexicana",-100.063553,25.32665
"Atta mexicana",-100.212972,19.176585
"Leptoglossus zonatus",-103.193106,20.290945
"Atta mexicana",-101.684322,21.1672
"Atta mexicana",-108.947027,27.020288
"Atta mexicana",-103.444886,20.715072
"Atta mexicana",-86.996584,14.013617
"Bemisia tabaci",-78.554731,-0.31663
"Atta mexicana",-100.723334,20.037073
"Atta mexicana",-100.162334,21.103575
"Atta mexicana",-104.223016,19.802923
"Atta mexicana",-100.164679,25.637189
"Atta mexicana",-102.46115,22.266944
"Leptoglossus zonatus",-84.796997,10.2826
"Leptoglossus zonatus",-84.125054,9.935359
"Atta mexicana",-106.687256,24.410349
"Atta mexicana",-97.012672,18.927584
"Atta mexicana",-110.973762,29.139142
"Atta mexicana",-101.335785,20.644918
"Atta mexicana",-97.945028,22.425194
"Trioza anceps",-99.137871,19.222038
"Leptoglossus zonatus",-44.890438,-19.662565
"Atta mexicana",-99.37468,18.600912
"Leptoglossus zonatus",-101.656655,21.040931
"Atta mexicana",-100.213071,25.623476
"Atta mexicana",-96.94343,19.500888
"Atta mexicana",-100.684346,20.048699
"Atta mexicana",-102.316915,21.918032
"Leptoglossus zonatus",-101.685011,21.160225
"Atta mexicana",-90.488235,14.603383
"Atta mexicana",-103.691055,19.26087
"Atta mexicana",-100.34685,20.550836
"Atta mexicana",-106.439831,23.299573
"Atta mexicana",-105.293799,20.688027
"Atta mexicana",-96.946589,19.533063
"Atta mexicana",-103.43665,20.823577
"Leptoglossus zonatus",-46.26778,-14.73973
"Atta mexicana",-110.754711,29.446544
"Leptoglossus zonatus",-84.611214,9.808272
"Bemisia tabaci",-96.129706,15.768419
"Atta mexicana",-90.733728,14.531413
"Atta mexicana",-103.659513,21.50907
"Atta mexicana",-99.195472,18.882297
"Atta mexicana",-103.010244,21.716496
"Leptoglossus zonatus",-84.807003,10.277112
"Atta mexicana",-100.64766,20.106524
"Atta mexicana",-96.70943,17.10142
"Anastrepha ludens",-99.117255,19.330366
"Atta mexicana",-90.733017,14.558297
"Atta mexicana",-100.236479,20.752393
"Atta mexicana",-99.335159,22.847687
"Atta mexicana",-99.819802,20.709623
"Atta mexicana",-101.00204,22.123659
"Leptoglossus zonatus",-83.870571,9.837056
"Atta mexicana",-105.256744,20.559786
"Atta mexicana",-100.313275,25.712518
"Leptoglossus zonatus",-53.43676,-24.921616
"Atta mexicana",-87.219314,14.076834
"Leptoglossus zonatus",-110.2065,23.666895
"Atta mexicana",-104.637467,24.043786
"Leptoglossus zonatus",-75.410008,6.151876
"Atta mexicana",-98.203577,19.001218
"Atta mexicana",-97.833105,22.276876
"Atta mexicana",-103.392082,20.723488
"Leptoglossus zonatus",-84.084575,9.98817
"Atta mexicana",-103.439701,20.677911
"Leptoglossus zonatus",-105.471634,28.272949
"Atta mexicana",-96.700479,17.067017
"Leptoglossus zonatus",-99.990048,20.403847
"Atta mexicana",-100.0363,25.287633
"Anastrepha ludens",-100.27565,25.6307
"Atta mexicana",-104.800777,19.257329
"Atta mexicana",-100.396308,20.61785
"Atta mexicana",-112.814512,31.882701
"Atta mexicana",-103.421296,20.693836
"Atta mexicana",-105.319287,20.511531
"Anastrepha ludens",-86.887978,21.149252
"Atta mexicana",-96.066635,15.783017
"Trioza anceps",-103.395164,20.68161
"Atta mexicana",-101.194992,19.681844
"Atta mexicana",-103.69362,19.247118
"Leptoglossus zonatus",-105.498191,28.260778
"Leptoglossus zonatus",-102.574978,19.51888
"Leptoglossus zonatus",-99.190955,19.323555
"Atta mexicana",-105.322258,20.513167
"Atta mexicana",-102.246819,21.939831
"Atta mexicana",-96.722706,17.070594
"Leptoglossus zonatus",-54.521053,-25.55237
"Atta mexicana",-96.92402,18.902287
"Atta mexicana",-91.258797,14.722488
"Atta mexicana",-96.742363,16.017193
"Leptoglossus zonatus",-56.073643,-9.847195
"Atta mexicana",-101.181418,19.686208
"Leptoglossus zonatus",-99.092075,19.290517
"Atta mexicana",-101.182627,19.684818
"Leptoglossus zonatus",-48.064935,-15.962648
"Atta mexicana",-105.331444,22.22137
"Atta mexicana",-88.410933,18.650678
"Atta mexicana",-99.104542,18.444881
"Leptoglossus zonatus",-79.648585,9.064944
"Leptoglossus zonatus",-75.586355,6.245155
"Atta mexicana",-96.074816,15.775628
"Atta mexicana",-100.26325,25.638021
"Atta mexicana",-101.336277,26.85111
"Atta mexicana",-101.162679,19.689608
"Atta mexicana",-103.407189,20.6599
"Atta mexicana",-102.37075,22.248511
"Atta mexicana",-113.019714,31.94415
"Atta mexicana",-101.170148,19.625917
"Atta mexicana",-100.276883,20.60438
"Leptoglossus zonatus",-96.901475,19.520214
"Atta mexicana",-92.934155,18.001713
"Leptoglossus zonatus",-43.720853,-14.839663
"Leptoglossus zonatus",-99.215904,20.47629
"Atta mexicana",-106.695025,24.412328
"Atta mexicana",-100.743202,20.921379
"Atta mexicana",-113.02007,31.943674
"Atta mexicana",-113.019175,31.943929
"Atta mexicana",-100.130539,19.190744
"Leptoglossus zonatus",-44.540474,-14.180654
"Atta mexicana",-103.382088,20.731518
"Leptoglossus zonatus",-110.066872,24.044236
"Atta mexicana",-102.289899,21.853734
"Leptoglossus zonatus",-99.368254,18.844699
"Atta mexicana",-102.714705,21.849411
"Atta mexicana",-101.166458,19.683087
"Atta mexicana",-100.26303,25.638074
"Atta mexicana",-96.720001,17.063653
"Atta mexicana",-103.982795,20.703097
"Atta mexicana",-98.207482,19.028515
"Atta mexicana",-101.234594,19.697255
"Atta mexicana",-98.196977,17.606385
"Leptoglossus zonatus",-98.789996,22.005372
"Leptoglossus zonatus",-115.33815,31.246875
"Leptoglossus zonatus",-99.236633,18.939625
"Atta mexicana",-99.226174,18.794119
"Atta mexicana",-103.446926,20.605804
"Monalonion velezangeli",-74.105828,4.654255
"Atta mexicana",-100.329494,20.60688
"Atta mexicana",-101.181369,19.697869
"Leptoglossus zonatus",-116.603761,31.881282
"Atta mexicana",-93.095642,16.8289
"Atta mexicana",-100.753525,20.900469
"Leptoglossus zonatus",-92.47396,17.621978
"Atta mexicana",-97.378744,18.483836
"Atta mexicana",-101.199928,19.672684
"Atta mexicana",-98.300586,19.054836
"Atta mexicana",-96.943402,19.519953
"Atta mexicana",-101.355119,20.702153
"Atta mexicana",-103.264,20.296871
"Leptoglossus zonatus",-102.319603,21.839772
"Leptoglossus zonatus",-51.899922,-27.147779
"Leptoglossus zonatus",-84.797067,10.282667
"Leptoglossus zonatus",-96.664015,16.796981
"Leptoglossus zonatus",-104.048443,20.658245
"Atta mexicana",-105.44358,20.868053
"Leptoglossus zonatus",-99.751172,16.835454
"Atta mexicana",-100.128205,19.18787
"Leptoglossus zonatus",-105.495318,28.262304
"Leptoglossus zonatus",-105.496258,28.261803
"Atta mexicana",-101.374003,20.995728
"Atta mexicana",-101.237218,19.695387
"Leptoglossus zonatus",-41.126486,-20.332545
"Atta mexicana",-100.469178,25.639755
"Atta mexicana",-106.720995,24.424133
"Atta mexicana",-100.512524,27.014097
"Leptoglossus zonatus",-110.599179,24.222901
"Atta mexicana",-99.078239,18.888816
"Atta mexicana",-103.286052,20.72784
"Trioza anceps",-99.238618,19.00824
"Atta mexicana",-101.15136,19.684717
"Atta mexicana",-101.181472,19.696894
"Anastrepha ludens",-98.434948,18.902996
"Atta mexicana",-100.382737,20.726629
"Atta mexicana",-101.177353,20.593237
"Atta mexicana",-101.20527,19.666842
"Atta mexicana",-90.746214,14.571641
"Atta mexicana",-100.281823,25.677012
"Atta mexicana",-100.273163,25.763859
"Atta mexicana",-110.910242,29.169545
"Atta mexicana",-102.784123,20.361026
"Atta mexicana",-93.269203,16.798937
"Atta mexicana",-103.341417,20.607439
"Atta mexicana",-96.726589,17.073184
"Atta mexicana",-99.231397,18.90141
"Atta mexicana",-99.457611,17.47698
"Atta mexicana",-102.316545,21.879201
"Atta mexicana",-97.100702,18.863792
"Leptoglossus zonatus",-90.487756,14.600868
"Atta mexicana",-99.609548,18.547071
"Leptoglossus zonatus",-84.210844,10.097758
"Atta mexicana",-103.476552,20.363619
"Atta mexicana",-98.939243,18.839278
"Atta mexicana",-103.373259,20.712586
"Leptoglossus zonatus",-101.164859,19.687754
"Atta mexicana",-101.188123,19.71644
"Leptoglossus zonatus",-88.281668,13.244256
"Leptoglossus zonatus",-54.741665,-2.419466
"Atta mexicana",-103.409594,20.669235
"Atta mexicana",-103.519028,20.621181
"Atta mexicana",-100.724643,20.917617
"Atta mexicana",-105.36771,20.789299
"Atta mexicana",-103.512077,20.746692
"Leptoglossus zonatus",-99.051886,19.469937
"Atta mexicana",-90.550435,14.5979
"Atta mexicana",-102.302037,21.920467
"Atta mexicana",-96.945372,19.512675
"Atta mexicana",-105.455795,20.752281
"Atta mexicana",-108.710831,27.091944
"Leptoglossus zonatus",-86.978621,13.987611
"Atta mexicana",-100.7563,20.69807
"Atta mexicana",-103.105133,20.05352
"Atta mexicana",-100.388155,20.522159
"Atta mexicana",-98.206961,18.979912
"Atta mexicana",-97.106209,18.158188
"Atta mexicana",-100.276931,20.604574
"Atta mexicana",-105.349189,20.34164
"Atta mexicana",-108.707497,27.098612
"Leptoglossus zonatus",-78.375364,-0.221482
"Leptoglossus zonatus",-87.003104,13.995707
"Atta mexicana",-100.300362,25.738183
"Leptoglossus zonatus",-46.783092,-23.536367
"Leptoglossus zonatus",-111.0523,28.015356
"Leptoglossus zonatus",-51.287341,-27.119717
"Atta mexicana",-96.168442,15.756566
"Atta mexicana",-106.321935,23.877145
"Atta mexicana",-103.311525,20.739224
"Atta mexicana",-99.993494,21.940394
"Atta mexicana",-101.230047,19.71598
"Atta mexicana",-100.276497,20.604513
"Atta mexicana",-107.38579,24.826231
"Atta mexicana",-101.18209,19.696951
"Atta mexicana",-99.179728,18.906242
"Atta mexicana",-97.046846,15.843834
"Leptoglossus zonatus",-103.501211,25.5872
"Atta mexicana",-106.428484,23.229066
"Atta mexicana",-104.686478,24.026855
"Leptoglossus zonatus",-77.937845,0.386978
"Atta mexicana",-96.917867,19.515918
"Atta mexicana",-101.235085,19.695518
"Leptoglossus zonatus",-110.150602,23.540566
"Atta mexicana",-101.164966,19.687767
"Atta mexicana",-97.048828,15.84412
"Atta mexicana",-96.921484,19.518595
"Leptoglossus zonatus",-102.333904,21.965594
"Atta mexicana",-101.190094,19.729909
"Atta mexicana",-102.247802,21.901393
"Atta mexicana",-100.273677,25.729799
"Leptoglossus zonatus",-80.810958,-1.550852
"Atta mexicana",-103.52326,20.71949
"Atta mexicana",-101.119514,19.779577
"Atta mexicana",-109.170883,25.912905
"Atta mexicana",-101.008392,22.103639
"Atta mexicana",-98.117724,19.008114
"Leptoglossus zonatus",-78.622652,-1.228187
"Leptoglossus zonatus",-78.954018,-2.8809
"Atta mexicana",-110.133675,30.062078
"Leptoglossus zonatus",-106.923955,24.124261
"Leptoglossus zonatus",-78.335603,-0.18975
"Atta mexicana",-102.275653,21.911081
"Leptoglossus zonatus",-96.191879,16.457973
"Bemisia tabaci",-99.915984,24.235766
"Atta mexicana",-104.3598,19.774067
"Atta mexicana",-96.977128,19.421922
"Atta mexicana",-105.083416,21.484867
"Leptoglossus zonatus",-99.223381,20.376034
"Atta mexicana",-100.188205,21.086799
"Atta mexicana",-110.950395,29.148722
"Atta mexicana",-105.08376,20.826444
"Atta mexicana",-103.567919,22.185528
"Atta mexicana",-99.290139,18.959884
"Atta mexicana",-99.08246,18.986396
"Atta mexicana",-89.573958,13.97158
"Atta mexicana",-101.200547,19.67356
"Atta mexicana",-103.52791,20.771103
"Atta mexicana",-102.784127,20.846066
"Anastrepha ludens",-100.04122,21.882061
"Atta mexicana",-96.951674,19.444832
"Atta mexicana",-103.454605,20.720388
"Atta mexicana",-99.71277,17.097783
"Bemisia tabaci",-78.497796,-0.123684
"Atta mexicana",-110.132386,30.065164
"Atta mexicana",-109.000367,27.043656
"Atta mexicana",-93.272942,16.804403
"Atta mexicana",-97.014464,17.649727
"Atta mexicana",-104.569372,21.361652
"Atta mexicana",-97.275402,20.803133
"Atta mexicana",-96.949073,19.511042
"Atta mexicana",-100.70436,20.046923
"Heilipus lauri",-74.380387,4.45402
"Atta mexicana",-97.873842,22.226246
"Atta mexicana",-97.470665,18.329866
"Leptoglossus zonatus",-40.384445,-19.755837
"Atta mexicana",-102.277775,21.945853
"Leptoglossus zonatus",-97.379082,18.484471
"Atta mexicana",-105.294801,20.465008
"Atta mexicana",-100.875191,22.057491
"Atta mexicana",-105.341371,20.336556
"Atta mexicana",-100.724258,20.037405
"Atta mexicana",-103.56683,20.625023
"Atta mexicana",-110.950581,29.149425
"Atta mexicana",-99.151718,23.714394
"Atta mexicana",-101.401871,20.691405
"Atta mexicana",-105.235571,20.682989
"Atta mexicana",-93.083902,16.795623
"Atta mexicana",-101.179352,19.698621
"Leptoglossus zonatus",-100.475578,20.63768
"Atta mexicana",-101.426005,20.957962
"Atta mexicana",-112.814793,31.882648
"Atta mexicana",-98.769699,18.680467
"Atta mexicana",-103.396309,20.626183
"Leptoglossus zonatus",-47.891408,-15.773053
"Atta mexicana",-104.02309,20.294974
"Leptoglossus zonatus",-105.496786,28.26147
"Atta mexicana",-101.3838,26.663208
"Atta mexicana",-108.886838,26.941932
"Atta mexicana",-103.458848,20.534963
"Atta mexicana",-99.235605,18.967428
"Atta mexicana",-96.731875,17.070197
"Atta mexicana",-100.444908,20.549667
"Leptoglossus zonatus",-98.703356,20.101259
"Atta mexicana",-105.270164,21.022799
"Atta mexicana",-103.378128,20.740967
"Atta mexicana",-110.119421,28.618923
"Atta mexicana",-101.220792,19.687226
"Leptoglossus zonatus",-78.470007,-0.268604
"Leptoglossus zonatus",-87.004849,13.998215
"Atta mexicana",-103.370462,20.540622
"Leptoglossus zonatus",-72.934941,4.633104
"Atta mexicana",-98.185897,18.998695
"Atta mexicana",-87.192267,14.075297
"Atta mexicana",-101.150832,19.684892
"Atta mexicana",-105.166222,21.092342
"Leptoglossus zonatus",-75.571347,6.212181
"Atta mexicana",-102.441275,19.971238
"Atta mexicana",-101.165774,19.683778
"Atta mexicana",-106.689875,24.409478
"Atta mexicana",-104.13389,24.865619
"Atta mexicana",-105.292853,20.701618
"Atta mexicana",-103.410667,20.66817
"Atta mexicana",-102.273009,21.903648
"Atta mexicana",-100.445459,20.702212
"Atta mexicana",-100.728689,20.9192
"Atta mexicana",-87.197471,14.107632
"Atta mexicana",-103.313634,20.638174
"Leptoglossus zonatus",-104.615696,23.887713
"Atta mexicana",-101.178117,19.700876
"Leptoglossus zonatus",-85.43577,10.628425
"Atta mexicana",-100.7286,19.990296
"Leptoglossus zonatus",-78.429408,-0.345968
"Atta mexicana",-100.361038,25.663658
"Atta mexicana",-100.316095,25.724775
"Atta mexicana",-103.505133,19.701297
"Atta mexicana",-105.457567,20.777416
"Atta mexicana",-100.358583,25.754201
"Heilipus lauri",-96.936695,19.542231
"Atta mexicana",-105.442637,20.86899
"Atta mexicana",-104.054309,20.650054
"Atta mexicana",-100.12218,19.202801
"Atta mexicana",-98.975433,18.967225
"Atta mexicana",-101.329072,20.720682
"Leptoglossus zonatus",-86.999094,14.008835
"Atta mexicana",-100.73653,20.915654
"Atta mexicana",-101.182743,19.685067
"Atta mexicana",-96.869691,19.514276
"Atta mexicana",-101.195539,19.706731
"Leptoglossus zonatus",-47.858873,-15.729392
"Atta mexicana",-100.522123,19.411491
"Leptoglossus zonatus",-49.134902,-16.798622
"Atta mexicana",-103.253276,20.62621
"Atta mexicana",-103.60815,20.772795
"Leptoglossus zonatus",-72.828206,4.677473
"Atta mexicana",-100.263262,25.658128
"Atta mexicana",-99.90092,16.849457
"Atta mexicana",-110.976555,31.273273
"Atta mexicana",-97.448531,20.954821
"Atta mexicana",-100.728606,20.91912
"Atta mexicana",-97.793564,17.799589
"Atta mexicana",-102.903235,21.136629
"Atta mexicana",-108.967058,26.984953
"Atta mexicana",-93.099319,16.813491
"Atta mexicana",-99.231736,18.935207
"Leptoglossus zonatus",-99.701247,22.431346
"Atta mexicana",-105.3676,20.497513
"Atta mexicana",-101.202411,19.68747
"Atta mexicana",-100.447583,20.70305
"Leptoglossus zonatus",-88.045809,14.94796
"Leptoglossus zonatus",-74.366541,4.317882
"Leptoglossus zonatus",-72.208739,7.771094
"Leptoglossus zonatus",-89.63888,21.163171
"Atta mexicana",-105.251924,20.66368
"Atta mexicana",-112.814567,31.882253
"Leptoglossus zonatus",-100.10157,25.891428
"Atta mexicana",-96.723859,17.071375
"Leptoglossus zonatus",-101.180537,19.701988
"Leptoglossus zonatus",-98.936944,18.540278
"Leptoglossus zonatus",-99.048363,18.390841
"Leptoglossus zonatus",-98.9325,18.538056
"Leptoglossus zonatus",-98.960278,18.448056
"Leptoglossus zonatus",-99.053802,18.375549
"Leptoglossus zonatus",-99.049583,18.372499
"Leptoglossus zonatus",-99.056419,18.374861
"Leptoglossus zonatus",-98.9375,18.5275
"Leptoglossus zonatus",-98.958889,18.446111
"Leptoglossus zonatus",-99.054039,18.407089
"Leptoglossus zonatus",-99.052589,18.395241
"Leptoglossus zonatus",-98.976667,18.441667
"Leptoglossus zonatus",-98.937222,18.542222
"Leptoglossus zonatus",-98.931111,18.550278
"Leptoglossus zonatus",-98.938333,18.434444
"Leptoglossus zonatus",-98.993611,18.440278
"Leptoglossus zonatus",-98.955833,18.520556
"Leptoglossus zonatus",-98.940278,18.422222
"Leptoglossus zonatus",-98.939722,18.525556
"Leptoglossus zonatus",-99.06649,18.372339
"Leptoglossus zonatus",-99.05001,18.384519
"Leptoglossus zonatus",-98.936111,18.542778
"Leptoglossus zonatus",-98.936111,18.542222
"Leptoglossus zonatus",-98.926944,18.524167
"Monalonion velezangeli",-74.0575,4.7356
"Aphis gossypii",-89.897222,18.578056
"Aphis gossypii",-89.803889,18.605833
"Aphis gossypii",-89.898611,18.576111
"Aphis gossypii",-89.898611,18.575278
"Aphis gossypii",-89.798333,18.557222
"Aphis gossypii",-89.895,18.564444
"Aphis gossypii",-89.898889,18.578333
"Aphis gossypii",-89.899722,18.575278
"Aphis gossypii",-89.899167,18.576389
"Atta mexicana",-98.657222,17.201667
"Anastrepha ludens",-99.263044,18.938875
"Heilipus apiatus",-54.45005,2.23402
"Atta mexicana",-90.62555,14.098
"Atta mexicana",-110.94659,31.33517
"Atta mexicana",-101.91372,28.26826
"Leptoglossus zonatus",-85.617,10.838
"Atta mexicana",-99.106,23.968
"Atta mexicana",-102.715747,20.058585
"Atta mexicana",-98.08594,24.00633
"Atta mexicana",-99.61304,21.105
"Atta mexicana",-96.50391,16.55196
"Atta mexicana",-100.26369,25.63241
"Atta mexicana",-99.35412,25.45343
"Atta mexicana",-100.13008,22.23238
"Atta mexicana",-103.36487,20.68418
"Atta mexicana",-99.92065,26.48041
"Atta mexicana",-109.91855,29.46198
"Atta mexicana",-102.55279,23.6345
"Atta mexicana",-110.12493,30.09552
"Atta mexicana",-89.274,13.702
"Atta mexicana",-101.21855,20.476263
"Atta mexicana",-93.60917,16.1528
"Atta mexicana",-95.23889,16.324444
"Atta mexicana",-102.715744,20.058584
"Atta mexicana",-110.13357,30.06417
"Atta mexicana",-93.11667,16.753334
"Atta mexicana",-109.89517,29.48106
"Atta mexicana",-103.3438,20.67359
"Atta mexicana",-108.92448,27.02341
"Atta mexicana",-109.74621,29.28774
"Atta mexicana",-103.52769,20.77147
"Atta mexicana",-100.916664,25.033333
"Atta mexicana",-99.60512,18.556547
"Atta mexicana",-110.13389,30.05685
"Atta mexicana",-96.72675,16.677856
"Atta mexicana",-105.23289,21.543306
"Atta mexicana",-99.01618,21.991049
"Atta mexicana",-102,23
"Atta mexicana",-110.13371,30.05632
"Atta mexicana",-98.98187,18.885319
"Atta mexicana",-96.47817,15.867769
"Atta mexicana",-104.89459,21.504166
"Atta mexicana",-93.5992,16.1563
"Atta mexicana",-99.38344,20.73915
"Atta mexicana",-100.88539,21.173506
"Atta mexicana",-92.93794,15.71443
"Atta mexicana",-91.19946,14.53383
"Atta mexicana",-100.68718,21.722095
"Atta mexicana",-54.597878,-20.47824
"Atta mexicana",-97.08421,18.852839
"Atta mexicana",-105.23289,21.542818
"Atta mexicana",-98.2437,21.384567
"Atta mexicana",-110.13035,30.066
"Atta mexicana",-110.12723,30.06988
"Atta mexicana",-86.241905,15.199999
"Atta mexicana",-105.166664,21.833332
"Atta mexicana",-99.19234,23.10105
"Atta mexicana",-99.226616,18.92184
"Atta mexicana",-110.1202,30.08372
"Atta mexicana",-99.881615,16.863794
"Atta mexicana",-110.13474,30.05721
"Atta mexicana",-102.34333,21.961111
"Atta mexicana",-105.03333,19.5
"Atta mexicana",-103.34961,20.659698
"Atta mexicana",-98.921844,18.988031
"Atta mexicana",-112.78584,31.87406
"Atta mexicana",-110.11309,30.09319
"Atta mexicana",-99.18962,21.00878
"Atta mexicana",-96.998085,18.89834
"Atta mexicana",-109.01559,27.01922
"Atta mexicana",-96.72162,17.059418
"Atta mexicana",-103.17143,20.511702
"Atta mexicana",-110.13445,30.05721
"Atta mexicana",-99.369194,20.72554
"Atta mexicana",-97.034134,19.094015
"Atta mexicana",-109.01004,27.0398
"Atta mexicana",-98.44036,18.680387
"Atta mexicana",-99.287224,20.206944
"Atta mexicana",-79.60765,8.95963
"Atta mexicana",-90.53282,14.624795
"Atta mexicana",-99.38246,20.736698
"Atta mexicana",-99.70736,17.774536
"Atta mexicana",-108.945,27.018333
"Atta mexicana",-87.90514,14.87159
"Atta mexicana",-112.848816,31.857428
"Atta mexicana",-73.63333,4.15
"Atta mexicana",-99.01074,21.994665
"Atta mexicana",-87.00795,14.01297
"Atta mexicana",-97.85342,22.29448
"Atta mexicana",-93.59878,16.15687
"Atta mexicana",-100.89174,18.639868
"Atta mexicana",-101.01637,19.720488
"Atta mexicana",-99.285835,20.207222
"Atta mexicana",-109.24834,29.675
"Atta mexicana",-103.1846,20.305159
"Atta mexicana",-99.52733,18.341852
"Leptoglossus zonatus",-85.615491,10.83641
"Leptoglossus zonatus",-84.266667,9.911111
"Leptoglossus zonatus",-83.263799,8.979096
"Leptoglossus zonatus",-83.283128,8.759387
"Leptoglossus zonatus",-85.731015,10.901925
"Leptoglossus zonatus",-85.541069,10.983166
"Leptoglossus zonatus",-85.495244,10.962542
"Anastrepha ludens",-83.030709,9.661438
"Leptoglossus zonatus",-83.027702,9.671765
"Leptoglossus zonatus",-85.564946,11.005677
"Leptoglossus zonatus",-85.373656,10.168217
"Leptoglossus zonatus",-84.039606,10.041792
"Leptoglossus zonatus",-85.80517,10.915153
"Leptoglossus zonatus",-85.31837,10.251411
"Leptoglossus zonatus",-85.524793,11.033856
"Leptoglossus zonatus",-85.351913,10.776784
"Leptoglossus zonatus",-83.566714,8.679096
"Leptoglossus zonatus",-85.573539,10.865507
"Leptoglossus zonatus",-85.465274,10.897554
"Leptoglossus zonatus",-84.093477,9.97362
"Leptoglossus zonatus",-85.352345,10.349119
"Leptoglossus zonatus",-84.182847,9.98905
"Leptoglossus zonatus",-84.608119,9.767453
"Leptoglossus zonatus",-85.579301,10.705454
"Leptoglossus zonatus",-85.579975,10.874071
"Leptoglossus zonatus",-85.731061,10.901925
"Leptoglossus zonatus",-85.67479,10.802713
"Leptoglossus zonatus",-85.470423,10.930083
"Leptoglossus zonatus",-84.904077,10.382787
"Leptoglossus zonatus",-84.608124,9.774233
"Leptoglossus zonatus",-85.699959,10.807579
"Anastrepha ludens",-100.0333,25.28333
"Aphis gossypii",-47.083333,-22.9
"Aphis gossypii",-76.9467,-12.0858
"Leptoglossus zonatus",-80.164745,8.379232
"Aphis gossypii",-76.5421,-12.5262
"Aphis gossypii",-76.639,-12.6529
"Aphis gossypii",-76.99424,-12.0824
"Leptoglossus zonatus",-76.297646,3.544304
"Leptoglossus zonatus",-83.683333,9.9
"Aphis gossypii",-76.9476,-12.0855
"Atta mexicana",-97.21667,19.96667
"Aphis gossypii",-76.9397,-12.0846
"Anastrepha manizaliensis",-74.39775,4.759528
"Leptoglossus zonatus",-100.486667,21.6375
"Leptoglossus zonatus",-73.184767,5.20105
"Leptoglossus zonatus",-73.19985,5.225917
"Anastrepha ludens",-99.1347,19.4028
"Conotrachelus perseae",-101.917404,19.420483
"Conotrachelus perseae",-84.158783,10.060529
"Conotrachelus perseae",-90.505329,14.621007
"Conotrachelus perseae",-98.431562,18.909726
"Conotrachelus aguacatae",-102.249611,20.478355
"Conotrachelus perseae",-102.05,19.4
"Conotrachelus aguacatae",-103.809517,19.206246
"Conotrachelus perseae",-84.211628,10.016247
"Heilipus lauri",-97.011601,18.900906
"Heilipus lauri",-87.559361,15.229701
"Conotrachelus perseae",-84.480851,10.090518
"Conotrachelus aguacatae",-99.228488,18.933725
"Conotrachelus perseae",-90.370833,15.470833
"Anastrepha ludens",-80.71,8.59
"Bemisia tabaci",-89.720833,20.893333
"Bemisia tabaci",-89.638889,21.029722
"Bemisia tabaci",-47.93,-15.93
"Coccus hesperidum",-70.88,-30.72
"Anastrepha manizaliensis",-74.24275,5.053028
"Bemisia tabaci",-48.01,-15.81
"Hemiberlesia lataniae",-71.1,-32.44
"Hemiberlesia lataniae",-71.19,-32.86
"Bemisia tabaci",-47.35,-15.61
"Bemisia tabaci",-48.07,-23.02
"Anastrepha manizaliensis",-75.49361,5.05472
"Bemisia tabaci",-47.64,-16.33
"Bemisia tabaci",-47.39,-15.9
"Bemisia tabaci",-47.97,-15.88
"Coccus hesperidum",-71.08,-32.87
"Bemisia tabaci",-48.2,-15.71
"Monalonion velezangeli",-74.065472,4.698889
"Heilipus lauri",-76.307052,3.521277
"Heilipus lauri",-75.766667,4.666667
"Heilipus lauri",-75.733333,4.35
"Heilipus lauri",-76.283333,3.533333
"Heilipus lauri",-74.2,4.716667
"Heilipus lauri",-76.6,2.45
"Monalonion velezangeli",-74.068187,4.649837
"Monalonion velezangeli",-74.068102,4.649868
"Monalonion velezangeli",-74.068697,4.649667
"Monalonion velezangeli",-74.074623,4.645742
"Monalonion velezangeli",-74.075748,4.645347
"Monalonion velezangeli",-74.075187,4.645477
"Monalonion velezangeli",-74.073908,4.64555
"Monalonion velezangeli",-74.103053,4.655712
"Monalonion velezangeli",-74.061342,4.649545
"Monalonion velezangeli",-74.059435,4.645547
"Monalonion velezangeli",-74.069387,4.648457
"Monalonion velezangeli",-74.061565,4.649037
"Monalonion velezangeli",-74.06192,4.64975
"Monalonion velezangeli",-74.061587,4.649798
"Monalonion velezangeli",-74.069558,4.649323
"Monalonion velezangeli",-74.069738,4.64783
"Monalonion velezangeli",-74.06962,4.648137
"Monalonion velezangeli",-74.068632,4.64835
"Monalonion velezangeli",-74.025998,4.747073
"Monalonion velezangeli",-74.02569,4.747043
"Monalonion velezangeli",-74.04732,4.759677
"Monalonion velezangeli",-74.04722,4.759767
"Monalonion velezangeli",-74.049323,4.760207
"Monalonion velezangeli",-74.049307,4.76015
"Monalonion velezangeli",-74.049048,4.760435
"Monalonion velezangeli",-74.048888,4.760632
"Monalonion velezangeli",-74.033753,4.760045
"Monalonion velezangeli",-74.068312,4.731412
"Monalonion velezangeli",-74.068323,4.731662
"Monalonion velezangeli",-74.062088,4.771675
"Monalonion velezangeli",-74.060027,4.762463
"Monalonion velezangeli",-74.034005,4.760115
"Monalonion velezangeli",-74.034227,4.760082
"Monalonion velezangeli",-74.036293,4.758883
"Monalonion velezangeli",-74.035885,4.75881
"Monalonion velezangeli",-74.035863,4.75939
"Monalonion velezangeli",-74.035973,4.7597
"Monalonion velezangeli",-74.047187,4.759753
"Monalonion velezangeli",-74.041583,4.719398
"Monalonion velezangeli",-74.060632,4.732257
"Monalonion velezangeli",-74.042057,4.718648
"Monalonion velezangeli",-74.060405,4.73218
"Monalonion velezangeli",-74.059685,4.731595
"Monalonion velezangeli",-74.060272,4.732587
"Monalonion velezangeli",-74.041327,4.728643
"Monalonion velezangeli",-74.068397,4.731163
"Monalonion velezangeli",-74.04122,4.728848
"Monalonion velezangeli",-74.041305,4.728468
"Monalonion velezangeli",-74.047662,4.72998
"Monalonion velezangeli",-74.041372,4.728363
"Monalonion velezangeli",-74.04739,4.730145
"Monalonion velezangeli",-74.041712,4.719865
"Monalonion velezangeli",-74.047392,4.730108
"Monalonion velezangeli",-74.069103,4.726643
"Monalonion velezangeli",-74.069012,4.72676
"Monalonion velezangeli",-74.068493,4.730945
"Monalonion velezangeli",-74.064897,4.73529
"Monalonion velezangeli",-74.069327,4.726598
"Monalonion velezangeli",-74.069108,4.726182
"Monalonion velezangeli",-74.042545,4.717438
"Monalonion velezangeli",-74.06316,4.733923
"Monalonion velezangeli",-74.06396,4.734685
"Monalonion velezangeli",-74.064295,4.735002
"Monalonion velezangeli",-74.08715,4.675387
"Monalonion velezangeli",-74.086863,4.675938
"Monalonion velezangeli",-74.087423,4.674923
"Monalonion velezangeli",-74.090668,4.669867
"Monalonion velezangeli",-74.090295,4.670453
"Monalonion velezangeli",-74.08988,4.67101
"Monalonion velezangeli",-74.091167,4.669422
"Monalonion velezangeli",-74.105177,4.652897
"Monalonion velezangeli",-74.105243,4.652047
"Monalonion velezangeli",-74.105138,4.651772
"Monalonion velezangeli",-74.08301,4.680695
"Monalonion velezangeli",-74.084663,4.679405
"Monalonion velezangeli",-74.084318,4.679695
"Monalonion velezangeli",-74.08361,4.680267
"Monalonion velezangeli",-74.086662,4.676192
"Monalonion velezangeli",-74.057142,4.655597
"Monalonion velezangeli",-74.059422,4.652365
"Monalonion velezangeli",-74.05912,4.652697
"Monalonion velezangeli",-74.059035,4.653122
"Monalonion velezangeli",-74.105063,4.653597
"Monalonion velezangeli",-74.059133,4.645422
"Monalonion velezangeli",-74.058107,4.654377
"Monalonion velezangeli",-74.057885,4.654978
"Monalonion velezangeli",-74.05754,4.655322
"Monalonion velezangeli",-74.103155,4.654608
"Monalonion velezangeli",-74.102938,4.653978
"Monalonion velezangeli",-74.102597,4.655232
"Monalonion velezangeli",-74.060068,4.645382
"Monalonion velezangeli",-74.060088,4.64537
"Monalonion velezangeli",-74.059555,4.654515
"Monalonion velezangeli",-74.059443,4.65441
"Monalonion velezangeli",-74.102627,4.654463
"Monalonion velezangeli",-74.058585,4.653677
"Monalonion velezangeli",-74.059757,4.65428
"Monalonion velezangeli",-74.05965,4.65445
"Atta mexicana",-100.325,21.9025
"Atta mexicana",-98.957676,22.202881
"Leptoglossus zonatus",-98.906111,22.149722
"Leptoglossus zonatus",-98.938611,22.276111
"Leptoglossus zonatus",-98.952144,22.228528
"Leptoglossus zonatus",-98.993764,22.391981
"Bemisia tabaci",-80.368611,-1.207222
"Bemisia tabaci",-76.355615,3.500699
"Bemisia tabaci",-80.448372,-1.06184
"Bemisia tabaci",-71.663697,10.691401
"Bemisia tabaci",-74.803333,10.579167
"Bemisia tabaci",-80.486867,-0.837954
"Bemisia tabaci",-80.386614,-1.179487
"Bemisia tabaci",-80.470193,-0.988553
"Bemisia tabaci",-75.084722,9.945556
"Anastrepha ludens",-99.1013,18.6813
"Trioza anceps",-88.9859,16.733
"Trioza anceps",-84.2167,10.0167
"Anastrepha ludens",-102.5528,23.6345
"Trioza anceps",-99.5264,17.1656
"Trioza anceps",-84.8167,10.3
"Atta mexicana",-96.683853,17.120052
"Leptoglossus zonatus",-53.841325,-24.293928
"Leptoglossus zonatus",-74.536111,10.448056
"Leptoglossus zonatus",-74.519722,10
"Leptoglossus zonatus",-74.186944,9.884167
"Leptoglossus zonatus",-74.450833,10.443056
"Leptoglossus zonatus",-111.820278,26.059444
"Leptoglossus zonatus",-115.692222,32.591944
"Leptoglossus zonatus",-111.668056,26.411667
"Leptoglossus zonatus",-113.136944,27.3425
"Leptoglossus zonatus",-108.932222,27.604167
"Leptoglossus zonatus",-109.694444,23.054167
"Leptoglossus zonatus",-114.831111,29.855278
"Leptoglossus zonatus",-113.558889,28.945278
"Leptoglossus zonatus",-114.446389,29.459167
"Leptoglossus zonatus",-116.321111,31.369167
"Leptoglossus zonatus",-110.706389,24.088889
"Leptoglossus zonatus",-109.369167,27.098056
"Leptoglossus zonatus",-115.6125,30.964722
"Leptoglossus zonatus",-115.313611,31.8275
"Leptoglossus zonatus",-108.812222,27.354444
"Leptoglossus zonatus",-109.808056,22.954167
"Leptoglossus zonatus",-110.265,23.927222
"Leptoglossus zonatus",-86.283333,12.616667
"Leptoglossus zonatus",-93.1,16.15
"Atta mexicana",-100.450556,25.741389
"Atta mexicana",-100.310611,25.724889
"Atta mexicana",-99.264722,24.948889
"Atta mexicana",-99.566667,24.859722
"Atta mexicana",-106.098307,23.286799
"Bemisia tabaci",-84.146736,9.863467
"Hemiberlesia lataniae",-71.0671,-32.8654
"Bemisia tabaci",-85.3344,10.7631
"Bemisia tabaci",-93.4883,16.7777
"Saissetia persimilis",-70.6328,-33.4264
"Saissetia persimilis",-71.6169,-35.8423
"Saissetia persimilis",-71.252,-34.9018
"Bemisia tabaci",-83.874,9.262
"Bemisia tabaci",-85.3338,10.7632
"Bemisia tabaci",-85.3921,10.7623
"Saissetia persimilis",-70.7963,-33.8332
"Bemisia tabaci",-85.71596,10.92147
"Frankliniella bruneri",-102.46171,19.8447
"Frankliniella bruneri",-99.76893,18.92425
"Atta mexicana",-98.667,20.466
"Scirtothrips perseae",-102.07899,19.37472
"Frankliniella bruneri",-99.14611,23.73611
"Frankliniella bruneri",-97.634596,17.703512
"Frankliniella bruneri",-102.05872,19.42006
"Frankliniella bruneri",-100.596333,19.805402
"Scirtothrips perseae",-102.05789,19.06724
"Scirtothrips perseae",-102.2351,19.37832
"Scirtothrips perseae",-102.0617,19.42672
"Scirtothrips perseae",-102.06509,19.49172
"Frankliniella bruneri",-99.15417,23.04611
"Scirtothrips perseae",-101.45697,19.23563
"Scirtothrips perseae",-102.164585,19.39975
"Scirtothrips perseae",-101.91149,19.41722
"Scirtothrips perseae",-102.00339,19.45942
"Scirtothrips perseae",-102.22649,19.54721
"Atta mexicana",-98.691,20.483
"Atta mexicana",-105.05,19.5
"Frankliniella bruneri",-102.261565,19.363369
"Frankliniella bruneri",-101.87089,19.43832
"Heliothrips haemorrhoidalis",-98.70312,20.882891
"Scirtothrips perseae",-102.4004,19.55611
"Hemiberlesia lataniae",-70.8714,-30.7208
"Bemisia tabaci",-85.3347,10.7634
"Saissetia persimilis",-70.7628,-33.643
"Saissetia persimilis",-71.0666,-32.8575
"Saissetia persimilis",-70.9887,-34.6428
"Bemisia tabaci",-56.019196,-32.78195
"Bemisia tabaci",-85.3922,10.7618
"Saissetia persimilis",-71.0716,-32.8618
"Leptoglossus zonatus",-75.37982,3.06885
"Bemisia tabaci",-101.554,23.874361
"Stenoma catenifer",-85.37254,10.90037
"Pseudophilothrips perseae",-84.094,9.973
"Bemisia tabaci",-85.3593,10.7681
"Saissetia persimilis",-71.5381,-32.9342
"Bemisia tabaci",-85.3353,10.7612
"Hemiberlesia lataniae",-71.186,-32.8595
"Hemiberlesia lataniae",-71.0759,-32.8698
"Bemisia tabaci",-97.106,20.032
"Bemisia tabaci",-87.01,14.01
"Bemisia tabaci",-54.355206,-11.524631
"Leptoglossus zonatus",-75.39171,3.058
"Bemisia tabaci",-64.53239,-35.69727
"Hemiberlesia lataniae",-71.0967,-32.4428
"Leptoglossus zonatus",-75.38416,3.06749
"Bemisia tabaci",-85.392,10.7627
"Stenoma catenifer",-85.32331,10.76171
"Bemisia tabaci",-85.335,10.7606
"Bemisia tabaci",-85.3611,10.7715
"Stenoma catenifer",-85.4258,10.9893
"Coccus hesperidum",-70.8757,-30.7184
"Bemisia tabaci",-85.3794,10.893086
"Hemiberlesia lataniae",-71.1907,-32.8556
"Bemisia tabaci",-55.217,5.815
"Pseudophilothrips perseae",-85.3889,10.8801
"Anastrepha ludens",-92.101,15.034
"Bemisia tabaci",-93.6158,16.9146
"Saissetia persimilis",-72.0718,-36.5933
"Saissetia persimilis",-70.6343,-33.5689
"Leptoglossus zonatus",-75.38939,3.06023
"Coccus hesperidum",-71.1841,-32.863
"Coccus hesperidum",-70.758,-33.8555
"Stenoma catenifer",-90.798,14.524
"Bemisia tabaci",-47.969444,-15.875556
"Anastrepha ludens",-90.312195,15.820879
"Anastrepha ludens",-92.256,14.994
"Saissetia persimilis",-71.6243,-35.1325
"Saissetia persimilis",-85.3341,10.76
"Bemisia tabaci",-64.35147,-31.16686
"Bemisia tabaci",-85.3608,10.7713
"Bemisia tabaci",-72.64451,4.187754
"Coccus hesperidum",-70.7128,-30.0346
"Bemisia tabaci",-105.042,19.4958
"Bemisia tabaci",-47.932777,-15.925556
"Bemisia tabaci",-83.004,9.015
"Anastrepha ludens",-92.213,14.904
"Bemisia tabaci",-85.3613,10.7683
"Stenoma catenifer",-85.38987,10.87912
"Saissetia persimilis",-70.923,-34.4348
"Saissetia persimilis",-71.1846,-32.8544
"Bemisia tabaci",-85.66284,10.77997
"Saissetia persimilis",-71.3065,-35.0347
"Hemiberlesia lataniae",-71.1899,-32.8628
"Leptoglossus zonatus",-79.441666,-4.720278
"Bemisia tabaci",-64.24979,-31.385315
"Stenoma catenifer",-85.3331,10.7637
"Bemisia tabaci",-75.384,3.067
"Bemisia tabaci",-85.45729,10.93328
"Bemisia tabaci",-85.61871,10.83764
"Saissetia persimilis",-71.0644,-32.8569
"Saissetia persimilis",-71.0464,-32.8501
"Coccus hesperidum",-71.9625,-36.4346
"Stenoma catenifer",-85.3341,10.7629
"Bemisia tabaci",-89.638885,21.029722
"Anastrepha ludens",-83.7102,9.4287
"Hemiberlesia lataniae",-70.6092,-33.4976
"Bemisia tabaci",-80.14429,8.439537
"Saissetia persimilis",-70.9223,-34.5075
"Pseudophilothrips perseae",-88.2336,15.5072
"Saissetia persimilis",-70.7225,-33.6694
"Saissetia persimilis",-71.1939,-32.8721
"Bemisia tabaci",-48.196945,-15.711389
"Anastrepha ludens",-88.654,17.751
"Saissetia persimilis",-71.1009,-32.4426
"Leptoglossus zonatus",-93.325,16.628
"Hemiberlesia lataniae",-71.1895,-32.8547
"Anastrepha ludens",-80.71394,8.58921
"Anastrepha ludens",-79.37459,9.12739
"Bemisia tabaci",-74.11416,-8.522718
"Coccus hesperidum",-73.2476,-39.8227
"Bemisia tabaci",-78.502,0.022
"Bemisia tabaci",-55.2173,5.815
"Saissetia persimilis",-83.504,10.537
"Hemiberlesia lataniae",-71.1886,-32.8582
"Saissetia persimilis",-71.3663,-34.639
"Saissetia persimilis",-71.192,-32.8754
"Anastrepha ludens",-92.183,14.817
"Bemisia tabaci",-107.66,25.06
"Hemiberlesia lataniae",-71.4211,-33.7359
"Bemisia tabaci",-93.44231,16.838617
"Bemisia tabaci",-54.9403,-27.4447
"Bemisia tabaci",-47.640278,-16.328333
"Bemisia tabaci",-84.419,10.554
"Hemiberlesia lataniae",-71.0932,-32.4462
"Bemisia tabaci",-47.393612,-15.901667
"Bemisia tabaci",-85.4643,10.9292
"Bemisia tabaci",-85.3598,10.7717
"Bemisia tabaci",-85.6138,10.8438
"Anastrepha ludens",-83.88585,9.89098
"Saissetia persimilis",-71.1942,-32.8721
"Anastrepha ludens",-88.395,18.495
"Hemiberlesia lataniae",-71.1918,-32.8752
"Heliothrips haemorrhoidalis",-85.325,10.804
"Bemisia tabaci",-85.47449,10.92767
"Saissetia persimilis",-71.9628,-36.4372
"Bemisia tabaci",-85.00917,10.75889
"Coccus hesperidum",-70.6336,-33.5692
"Anastrepha ludens",-83.7053,9.37576
"Bemisia tabaci",-85.46683,10.92714
"Hemiberlesia lataniae",-71.1886,-32.8638
"Saissetia persimilis",-71.9619,-36.433
"Bemisia tabaci",-48.00889,-15.813889
"Bemisia tabaci",-85.614,10.844
"Leptoglossus zonatus",-75.3731,3.06417
"Anastrepha ludens",-84.18353,9.81857
"Heliothrips haemorrhoidalis",-88.2139,15.4944
"Hemiberlesia lataniae",-71.1024,-32.4445
"Saissetia persimilis",-71.4197,-33.4829
"Leptoglossus zonatus",-93.392,16.578
"Hemiberlesia lataniae",-70.7707,-30.8513
"Hemiberlesia lataniae",-71.075,-32.8697
"Bemisia tabaci",-93.44226,16.838694
"Bemisia tabaci",-85.335,10.7642
"Bemisia tabaci",-108.52,25.39
"Hemiberlesia lataniae",-70.8814,-30.7304
"Bemisia tabaci",-66.36492,7.148325
"Saissetia persimilis",-71.8193,-36.1471
"Coccus hesperidum",-71.0427,-32.8567
"Bemisia tabaci",-89.72083,20.893333
"Saissetia persimilis",-71.1946,-32.8728
"Hemiberlesia lataniae",-71.1035,-32.4401
"Conotrachelus serpentinus",-98.584722,20.984167
"Leptoglossus zonatus",-78.15355,0.215528
"Bemisia tabaci",-83.00401,9.01585
"Bemisia tabaci",-80.01526,-2.18212
"Saissetia persimilis",-72.1,-36.5957
"Coccus hesperidum",-70.6968,-30.0356
"Bemisia tabaci",-93.502945,16.828367
"Anastrepha ludens",-84.40484,9.97355
"Saissetia persimilis",-71.3947,-33.4571
"Bemisia tabaci",-88.68273,17.242525
"Hemiberlesia lataniae",-71.0971,-32.4395
"Bemisia tabaci",-85.42414,10.98906
"Coccus hesperidum",-71.0759,-32.8664
"Saissetia persimilis",-70.644,-33.441
"Bemisia tabaci",-64.24981,-31.385305
"Saissetia persimilis",-70.803,-33.8311
"Bemisia tabaci",-97.1056,20.0322
"Stenoma catenifer",-85.3196,10.9687
"Bemisia tabaci",-93.44227,16.838644
"Atta mexicana",-87.905,14.872
"Leptoglossus zonatus",-75.3694,3.0675
"Hemiberlesia lataniae",-71.1035,-32.4384
"Leptoglossus zonatus",-79.4425,-4.73806
"Bemisia tabaci",-83.004,9.016
"Heliothrips haemorrhoidalis",-73.549866,5.789358
"Saissetia persimilis",-71.2067,-34.978
"Heilipus lauri",-79.842,9.155
"Bemisia tabaci",-64.452095,-16.731249
"Saissetia persimilis",-71.0633,-32.8586
"Bemisia tabaci",-64.351494,-31.16686
"Hemiberlesia lataniae",-71.2426,-29.9191
"Bemisia tabaci",-107.83,24.81
"Bemisia tabaci",-80.015,-2.182
"Saissetia persimilis",-71.1958,-32.8735
"Saissetia persimilis",-71.1957,-32.8721
"Bemisia tabaci",-85.334,10.763
"Heliothrips haemorrhoidalis",-85.32524,10.80396
"Bemisia tabaci",-85.3752,10.7584
"Saissetia persimilis",-71.1242,-34.6253
"Bemisia tabaci",-93.50292,16.828356
"Leptoglossus zonatus",-49.21,-20.47
"Saissetia persimilis",-71.066,-32.862
"Leptoglossus zonatus",-79.4417,-4.72028
"Saissetia persimilis",-71.1878,-32.8554
"Saissetia persimilis",-71.0799,-32.8601
"Anastrepha ludens",-92.2,14.9
"Leptoglossus zonatus",-75.36853,3.06736
"Bemisia tabaci",-93.50287,16.828428
"Bemisia tabaci",-78.463036,-1.564272
"Anastrepha ludens",-92.1835,14.8169
"Saissetia persimilis",-71.2501,-29.9848
"Saissetia persimilis",-71.8213,-36.1493
"Saissetia persimilis",-71.204,-34.6511
"Bemisia tabaci",-47.3525,-15.612778
"Heliothrips haemorrhoidalis",-74.061,4.598
"Saissetia persimilis",-70.8698,-32.7913
"Anastrepha ludens",-103.71667,19.23333
"Leptoglossus zonatus",-75.3647,3.0664
"Saissetia persimilis",-70.5308,-34.2065
"Saissetia persimilis",-70.846,-34.3563
"Hemiberlesia lataniae",-71.1944,-32.8745
"Coccus hesperidum",-71.2148,-32.7981
"Atta mexicana",-103.184602,20.305158
"Atta mexicana",-99.369192,20.72554
"Atta mexicana",-99.189621,21.00878
"Atta mexicana",-104.516292,22.251714
"Atta mexicana",-90.532818,14.624795
"Atta mexicana",-99.331346,20.752823
"Atta mexicana",-99.383438,20.739149
"Atta mexicana",-102.552784,23.634501
"Atta mexicana",-99.600504,18.558791
"Atta mexicana",-99.906368,16.829783
"Atta mexicana",-97.874014,22.265252
"Atta mexicana",-98.98547,18.883437
"Atta mexicana",-104.789099,21.42843
"Atta mexicana",-101.016369,19.720488
"Atta mexicana",-97.400815,18.481226
"Atta mexicana",-99.237243,18.958079
"Atta mexicana",-97.012308,18.90823
"Atta mexicana",-112.785845,31.874059
"Atta mexicana",-103.341619,20.674055
"Atta mexicana",-96.989382,18.901421
"Atta mexicana",-112.849503,31.789458
"Atta mexicana",-104.482995,19.673202
"Atta mexicana",-96.724712,17.060402
"Atta mexicana",-100.163317,25.362419
"Atta mexicana",-104.894589,21.504165
"Atta mexicana",-105.232887,21.542818
"Atta mexicana",-96.308536,16.709637
"Atta mexicana",-100.494327,19.488598
"Atta mexicana",-103.17546,20.513512
"Anastrepha ludens",-82.22,8.7
"Anastrepha ludens",-82.63,8.74
"Anastrepha ludens",-97.8,25.91
"Anastrepha ludens",-83.71,9.43
"Anastrepha ludens",-84.37325,10.02195
"Anastrepha manizaliensis",-75.49,5.05
"Bemisia tabaci",-106.23,23.15
"Bemisia tabaci",-105.94,23.03
"Bemisia tabaci",-106.22,23.18
"Atta mexicana",-96.73,17.07
"Heilipus lauri",-79.84,9.15
"Anastrepha ludens",-95.17,18.5
"Anastrepha ludens",-84.41,9.97
"Bemisia tabaci",-105.82,22.94
"Anastrepha ludens",-82.45,8.81
"Bemisia tabaci",-54.94,-27.44
"Anastrepha manizaliensis",-74.66,4.45
"Anastrepha ludens",-98.44,21.09
"Anastrepha manizaliensis",-74.4731,4.284
"Stenoma catenifer",-59.133333,5.383333
"Bemisia tabaci",-88.2358,15.4886
"Anastrepha ludens",-97.01,18.92
"Anastrepha ludens",-79.37,9.13
"Conotrachelus perseae",-102.402496,19.555401
"Anastrepha ludens",-92.92815,17.9912
"Atta mexicana",-99.527327,18.341853
"Atta mexicana",-96.726756,16.677857
"Atta mexicana",-54.597879,-20.478239
"Atta mexicana",-101.218551,20.476263
"Atta mexicana",-97.034133,19.094015
"Atta mexicana",-98.440362,18.680388
"Atta mexicana",-100.885392,21.173505
"Atta mexicana",-99.707361,17.774537
"Atta mexicana",-98.243696,21.384568
"Atta mexicana",-100.687179,21.722096
"Atta mexicana",-97.084215,18.852839
"Atta mexicana",-96.478171,15.867769
"Leptoglossus zonatus",-110.09646,24.04309
"Monalonion velezangeli",-74.04743,4.70224
"Monalonion velezangeli",-74.04759,4.70265
"Aphis gossypii",-75.571825,6.251463
